Emoji,Unicode codepoint,Occurrences,Negative,Neutral,Positive,p-,p0,p+,score,polarity
😂,0x1f602,14622,3614,4163,6845,0.24716181096977158,0.28470797428532346,0.46813021474490496,0.22096840377513338,1
❤,0x2764,8050,355,1334,6361,0.044099378881987575,0.1657142857142857,0.7901863354037267,0.7460869565217392,1
♥,0x2665,7144,252,1942,4950,0.03527435610302351,0.27183650615901456,0.6928891377379619,0.6576147816349384,1
😍,0x1f60d,6359,329,1390,4640,0.05173769460607014,0.218587828274886,0.7296744771190439,0.6779367825129737,1
😭,0x1f62d,5526,2412,1218,1896,0.4364820846905538,0.22041259500542887,0.34310532030401736,-0.09337676438653641,-1
😘,0x1f618,3648,193,702,2753,0.05290570175438596,0.1924342105263158,0.7546600877192983,0.7017543859649124,1
😊,0x1f60a,3186,189,754,2243,0.059322033898305086,0.23666038920276208,0.7040175768989329,0.6446955430006278,1
👌,0x1f44c,2925,274,728,1923,0.09367521367521367,0.24888888888888888,0.6574358974358975,0.5637606837606838,1
💕,0x1f495,2400,99,683,1618,0.04125,0.28458333333333335,0.6741666666666667,0.6329166666666667,1
👏,0x1f44f,2336,243,634,1459,0.10402397260273973,0.2714041095890411,0.6245719178082192,0.5205479452054794,1
😁,0x1f601,2189,278,648,1263,0.1269986295111923,0.29602558245774324,0.5769757880310644,0.4499771585198721,1
☺,0x263a,2062,128,449,1485,0.06207565470417071,0.2177497575169738,0.7201745877788555,0.6580989330746847,1
♡,0x2661,1975,102,448,1425,0.051645569620253164,0.22683544303797468,0.7215189873417721,0.669873417721519,1
👍,0x1f44d,1854,213,460,1181,0.11488673139158576,0.2481121898597627,0.6370010787486515,0.5221143473570657,1
😩,0x1f629,1808,1069,336,403,0.5912610619469026,0.18584070796460178,0.22289823008849557,-0.36836283185840707,-1
🙏,0x1f64f,1539,124,648,767,0.08057179987004548,0.42105263157894735,0.4983755685510071,0.41780376868096164,1
✌,0x270c,1534,173,476,885,0.11277705345501955,0.31029986962190353,0.5769230769230769,0.46414602346805733,1
😏,0x1f60f,1522,170,676,676,0.1116951379763469,0.44415243101182655,0.44415243101182655,0.33245729303547966,0
😉,0x1f609,1521,151,513,857,0.0992767915844839,0.33727810650887574,0.5634451019066403,0.46416831032215644,1
🙌,0x1f64c,1506,152,358,996,0.10092961487383798,0.23771580345285526,0.6613545816733067,0.5604249667994687,1
🙈,0x1f648,1456,238,350,868,0.16346153846153846,0.2403846153846154,0.5961538461538461,0.4326923076923077,1
💪,0x1f4aa,1409,101,424,884,0.0716820440028389,0.30092264017033354,0.6273953158268275,0.5557132718239886,1
😄,0x1f604,1398,191,426,781,0.13662374821173104,0.30472103004291845,0.5586552217453505,0.4220314735336195,1
😒,0x1f612,1385,819,266,300,0.5913357400722021,0.192057761732852,0.21660649819494585,-0.3747292418772563,-1
💃,0x1f483,1344,59,237,1048,0.04389880952380952,0.17633928571428573,0.7797619047619048,0.7358630952380952,1
💖,0x1f496,1263,54,254,955,0.04275534441805225,0.20110847189231987,0.7561361836896279,0.7133808392715756,1
😃,0x1f603,1206,86,361,759,0.07131011608623548,0.29933665008291876,0.6293532338308457,0.5580431177446102,1
😔,0x1f614,1205,559,263,383,0.46390041493775935,0.21825726141078838,0.31784232365145226,-0.1460580912863071,-1
😱,0x1f631,1130,298,319,513,0.26371681415929205,0.28230088495575223,0.4539823008849557,0.19026548672566368,1
🎉,0x1f389,1125,43,207,875,0.03822222222222222,0.184,0.7777777777777778,0.7395555555555555,1
😜,0x1f61c,1035,115,333,587,0.1111111111111111,0.3217391304347826,0.5671497584541063,0.4560386473429952,1
☯,0x262f,992,5,981,6,0.005040322580645161,0.9889112903225806,0.006048387096774193,0.0010080645161290322,0
🌸,0x1f338,946,37,255,654,0.039112050739957716,0.26955602536997886,0.6913319238900634,0.6522198731501057,1
💜,0x1f49c,939,41,241,657,0.043663471778487756,0.2566560170394036,0.6996805111821086,0.6560170394036209,1
💙,0x1f499,912,29,186,697,0.03179824561403509,0.20394736842105263,0.7642543859649122,0.7324561403508771,1
✨,0x2728,848,43,463,342,0.05070754716981132,0.5459905660377359,0.4033018867924528,0.35259433962264153,0
😳,0x1f633,846,277,277,292,0.32742316784869974,0.32742316784869974,0.34515366430260047,0.017730496453900735,1
💗,0x1f497,836,42,201,593,0.050239234449760764,0.24043062200956938,0.7093301435406698,0.6590909090909091,1
★,0x2605,828,25,543,260,0.030193236714975844,0.6557971014492754,0.3140096618357488,0.28381642512077293,0
█,0x2588,798,71,682,45,0.08897243107769423,0.8546365914786967,0.05639097744360902,-0.03258145363408521,0
☀,0x2600,786,21,377,388,0.026717557251908396,0.4796437659033079,0.49363867684478374,0.46692111959287536,1
😡,0x1f621,756,403,81,272,0.533068783068783,0.10714285714285714,0.35978835978835977,-0.17328042328042326,-1
😎,0x1f60e,754,79,224,451,0.10477453580901856,0.29708222811671087,0.5981432360742706,0.493368700265252,1
😢,0x1f622,749,288,168,293,0.38451268357810414,0.22429906542056074,0.39118825100133514,0.006675567423230999,1
💋,0x1f48b,734,28,169,537,0.03814713896457766,0.23024523160762944,0.7316076294277929,0.6934604904632152,1
😋,0x1f60b,734,33,203,498,0.04495912806539509,0.276566757493188,0.6784741144414169,0.6335149863760219,1
🙊,0x1f64a,725,97,197,431,0.13379310344827586,0.2717241379310345,0.5944827586206897,0.4606896551724138,1
😴,0x1f634,718,303,170,245,0.4220055710306407,0.23676880222841226,0.3412256267409471,-0.0807799442896936,-1
🎶,0x1f3b6,701,67,189,445,0.09557774607703282,0.26961483594864477,0.6348074179743224,0.5392296718972895,1
💞,0x1f49e,687,27,123,537,0.039301310043668124,0.17903930131004367,0.7816593886462883,0.7423580786026202,1
😌,0x1f60c,665,93,157,415,0.13984962406015036,0.23609022556390977,0.6240601503759399,0.48421052631578954,1
🔥,0x1f525,651,80,400,171,0.1228878648233487,0.6144393241167435,0.2626728110599078,0.13978494623655913,0
💯,0x1f4af,637,179,202,256,0.28100470957613816,0.31711145996860285,0.40188383045525905,0.1208791208791209,1
🔫,0x1f52b,604,298,126,180,0.49337748344370863,0.20860927152317882,0.2980132450331126,-0.19536423841059603,-1
💛,0x1f49b,602,25,123,454,0.04152823920265781,0.20431893687707642,0.7541528239202658,0.712624584717608,1
💁,0x1f481,549,105,159,285,0.1912568306010929,0.2896174863387978,0.5191256830601093,0.3278688524590164,1
💚,0x1f49a,537,41,101,395,0.07635009310986965,0.18808193668528864,0.7355679702048417,0.659217877094972,1
♫,0x266b,533,33,313,187,0.06191369606003752,0.5872420262664165,0.350844277673546,0.2889305816135085,0
😞,0x1f61e,532,255,85,192,0.4793233082706767,0.15977443609022557,0.3609022556390977,-0.11842105263157898,-1
😆,0x1f606,527,81,148,298,0.15370018975332067,0.2808349146110057,0.5654648956356736,0.4117647058823529,1
😝,0x1f61d,496,65,155,276,0.1310483870967742,0.3125,0.5564516129032258,0.42540322580645157,1
😪,0x1f62a,482,208,105,169,0.4315352697095436,0.21784232365145229,0.3506224066390041,-0.08091286307053946,-1
�,0xfffd,472,78,275,119,0.1652542372881356,0.5826271186440678,0.2521186440677966,0.08686440677966101,0
😫,0x1f62b,467,227,81,159,0.4860813704496788,0.1734475374732334,0.3404710920770878,-0.145610278372591,-1
😅,0x1f605,462,135,109,218,0.2922077922077922,0.23593073593073594,0.47186147186147187,0.17965367965367968,1
👊,0x1f44a,458,121,111,226,0.26419213973799127,0.2423580786026201,0.49344978165938863,0.22925764192139736,1
💀,0x1f480,456,214,123,119,0.4692982456140351,0.26973684210526316,0.26096491228070173,-0.20833333333333337,-1
😀,0x1f600,439,37,114,288,0.08428246013667426,0.25968109339407747,0.6560364464692483,0.571753986332574,1
😚,0x1f61a,424,20,81,323,0.04716981132075472,0.19103773584905662,0.7617924528301887,0.714622641509434,1
😻,0x1f63b,417,28,101,288,0.0671462829736211,0.2422062350119904,0.6906474820143885,0.6235011990407674,1
©,0xa9,416,54,259,103,0.12980769230769232,0.6225961538461539,0.24759615384615385,0.11778846153846154,0
👀,0x1f440,410,93,198,119,0.22682926829268293,0.48292682926829267,0.29024390243902437,0.06341463414634144,0
💘,0x1f498,395,18,87,290,0.04556962025316456,0.22025316455696203,0.7341772151898734,0.6886075949367089,1
🐓,0x1f413,384,41,291,52,0.10677083333333333,0.7578125,0.13541666666666666,0.02864583333333333,0
☕,0x2615,382,53,182,147,0.1387434554973822,0.47643979057591623,0.38481675392670156,0.24607329842931935,0
👋,0x1f44b,382,60,103,219,0.15706806282722513,0.2696335078534031,0.5732984293193717,0.41623036649214656,1
✋,0x270b,378,124,82,172,0.328042328042328,0.21693121693121692,0.455026455026455,0.12698412698412698,1
🎊,0x1f38a,363,20,59,284,0.05509641873278237,0.162534435261708,0.7823691460055097,0.7272727272727273,1
🍕,0x1f355,352,19,166,167,0.05397727272727273,0.4715909090909091,0.4744318181818182,0.42045454545454547,1
❄,0x2744,349,34,103,212,0.09742120343839542,0.29512893982808025,0.6074498567335244,0.5100286532951289,1
😥,0x1f625,341,108,83,150,0.31671554252199413,0.2434017595307918,0.4398826979472141,0.12316715542521994,1
😕,0x1f615,340,205,66,69,0.6029411764705882,0.19411764705882353,0.20294117647058824,-0.39999999999999997,-1
💥,0x1f4a5,329,23,234,72,0.06990881458966565,0.7112462006079028,0.2188449848024316,0.14893617021276595,0
💔,0x1f494,328,136,96,96,0.4146341463414634,0.2926829268292683,0.2926829268292683,-0.12195121951219512,-1
😤,0x1f624,327,157,82,88,0.4801223241590214,0.25076452599388377,0.2691131498470948,-0.21100917431192662,-1
😈,0x1f608,325,66,106,153,0.20307692307692307,0.3261538461538461,0.4707692307692308,0.2676923076923077,1
►,0x25ba,325,40,192,93,0.12307692307692308,0.5907692307692308,0.28615384615384615,0.16307692307692306,0
✈,0x2708,322,13,161,148,0.040372670807453416,0.5,0.45962732919254656,0.4192546583850931,0
🔝,0x1f51d,303,26,106,171,0.0858085808580858,0.34983498349834985,0.5643564356435643,0.4785478547854785,1
😰,0x1f630,302,132,44,126,0.4370860927152318,0.1456953642384106,0.41721854304635764,-0.019867549668874163,-1
⚽,0x26bd,299,15,83,201,0.05016722408026756,0.27759197324414714,0.6722408026755853,0.6220735785953178,1
😑,0x1f611,299,154,85,60,0.5150501672240803,0.2842809364548495,0.20066889632107024,-0.31438127090301005,-1
👑,0x1f451,298,12,65,221,0.040268456375838924,0.2181208053691275,0.7416107382550335,0.7013422818791946,1
😹,0x1f639,295,88,77,130,0.2983050847457627,0.26101694915254237,0.4406779661016949,0.14237288135593218,1
👉,0x1f449,292,20,137,135,0.0684931506849315,0.4691780821917808,0.4623287671232877,0.3938356164383562,0
🍃,0x1f343,291,29,122,140,0.09965635738831616,0.41924398625429554,0.48109965635738833,0.38144329896907214,1
🎁,0x1f381,288,11,45,232,0.03819444444444445,0.15625,0.8055555555555556,0.7673611111111112,1
😠,0x1f620,288,163,49,76,0.5659722222222222,0.1701388888888889,0.2638888888888889,-0.3020833333333333,-1
🐧,0x1f427,284,11,131,142,0.03873239436619718,0.4612676056338028,0.5,0.4612676056338028,1
☆,0x2606,282,8,144,130,0.028368794326241134,0.5106382978723404,0.46099290780141844,0.4326241134751773,0
🍀,0x1f340,278,6,186,86,0.02158273381294964,0.6690647482014388,0.30935251798561153,0.2877697841726619,0
🎈,0x1f388,277,4,68,205,0.01444043321299639,0.24548736462093862,0.740072202166065,0.7256317689530686,1
🎅,0x1f385,274,7,172,95,0.025547445255474453,0.6277372262773723,0.3467153284671533,0.32116788321167883,0
😓,0x1f613,273,118,59,96,0.43223443223443225,0.21611721611721613,0.3516483516483517,-0.08058608058608058,-1
😣,0x1f623,271,147,35,89,0.5424354243542435,0.12915129151291513,0.3284132841328413,-0.2140221402214022,-1
😐,0x1f610,270,150,76,44,0.5555555555555556,0.2814814814814815,0.16296296296296298,-0.3925925925925926,-1
✊,0x270a,270,37,79,154,0.13703703703703704,0.29259259259259257,0.5703703703703704,0.43333333333333335,1
😨,0x1f628,269,117,73,79,0.4349442379182156,0.27137546468401486,0.2936802973977695,-0.1412639405204461,-1
😖,0x1f616,268,130,50,88,0.48507462686567165,0.1865671641791045,0.3283582089552239,-0.15671641791044777,-1
💤,0x1f4a4,267,38,91,138,0.14232209737827714,0.3408239700374532,0.5168539325842697,0.37453183520599254,1
💓,0x1f493,259,15,55,189,0.05791505791505792,0.21235521235521235,0.7297297297297297,0.6718146718146718,1
👎,0x1f44e,258,128,51,79,0.49612403100775193,0.19767441860465115,0.3062015503875969,-0.18992248062015504,-1
💦,0x1f4a6,252,35,62,155,0.1388888888888889,0.24603174603174602,0.6150793650793651,0.4761904761904762,1
✔,0x2714,249,31,119,99,0.12449799196787148,0.4779116465863454,0.39759036144578314,0.27309236947791166,0
😷,0x1f637,246,117,54,75,0.47560975609756095,0.21951219512195122,0.3048780487804878,-0.17073170731707316,-1
⚡,0x26a1,246,10,182,54,0.04065040650406504,0.7398373983739838,0.21951219512195122,0.17886178861788618,0
🙋,0x1f64b,236,30,60,146,0.1271186440677966,0.2542372881355932,0.6186440677966102,0.4915254237288136,1
🎄,0x1f384,236,15,79,142,0.0635593220338983,0.3347457627118644,0.6016949152542372,0.5381355932203389,1
💩,0x1f4a9,229,94,68,67,0.4104803493449782,0.29694323144104806,0.2925764192139738,-0.11790393013100436,-1
🎵,0x1f3b5,223,23,64,136,0.1031390134529148,0.28699551569506726,0.6098654708520179,0.5067264573991032,1
➡,0x27a1,222,2,185,35,0.009009009009009009,0.8333333333333334,0.15765765765765766,0.14864864864864866,0
😛,0x1f61b,220,18,50,152,0.08181818181818182,0.22727272727272727,0.6909090909090909,0.6090909090909091,1
😬,0x1f62c,214,57,58,99,0.26635514018691586,0.27102803738317754,0.46261682242990654,0.19626168224299068,1
👯,0x1f46f,211,24,69,118,0.11374407582938388,0.32701421800947866,0.5592417061611374,0.44549763033175355,1
💎,0x1f48e,209,11,68,130,0.05263157894736842,0.3253588516746411,0.6220095693779905,0.569377990430622,1
🌿,0x1f33f,208,1,125,82,0.004807692307692308,0.6009615384615384,0.3942307692307692,0.3894230769230769,0
🎂,0x1f382,201,16,44,141,0.07960199004975124,0.21890547263681592,0.7014925373134329,0.6218905472636816,1
🌟,0x1f31f,199,11,111,77,0.05527638190954774,0.5577889447236181,0.3869346733668342,0.3316582914572864,0
🔮,0x1f52e,199,6,133,60,0.03015075376884422,0.6683417085427136,0.3015075376884422,0.27135678391959794,0
❗,0x2757,198,31,116,51,0.15656565656565657,0.5858585858585859,0.25757575757575757,0.101010101010101,0
👫,0x1f46b,197,43,60,94,0.2182741116751269,0.30456852791878175,0.47715736040609136,0.25888324873096447,1
🏆,0x1f3c6,194,6,39,149,0.030927835051546393,0.20103092783505155,0.7680412371134021,0.7371134020618557,1
✖,0x2716,193,8,116,69,0.04145077720207254,0.6010362694300518,0.35751295336787564,0.3160621761658031,0
☝,0x261d,191,27,77,87,0.14136125654450263,0.4031413612565445,0.45549738219895286,0.31413612565445026,1
😙,0x1f619,191,3,34,154,0.015706806282722512,0.17801047120418848,0.806282722513089,0.7905759162303665,1
⛄,0x26c4,191,14,62,115,0.07329842931937172,0.32460732984293195,0.6020942408376964,0.5287958115183247,1
👅,0x1f445,190,23,55,112,0.12105263157894737,0.2894736842105263,0.5894736842105263,0.4684210526315789,1
♪,0x266a,190,15,57,118,0.07894736842105263,0.3,0.6210526315789474,0.5421052631578948,1
🍂,0x1f342,189,6,72,111,0.031746031746031744,0.38095238095238093,0.5873015873015873,0.5555555555555556,1
💏,0x1f48f,185,33,46,106,0.1783783783783784,0.24864864864864866,0.572972972972973,0.3945945945945946,1
🔪,0x1f52a,183,38,94,51,0.20765027322404372,0.5136612021857924,0.2786885245901639,0.07103825136612019,0
🌴,0x1f334,178,13,57,108,0.07303370786516854,0.3202247191011236,0.6067415730337079,0.5337078651685394,1
👈,0x1f448,174,14,71,89,0.08045977011494253,0.40804597701149425,0.5114942528735632,0.43103448275862066,1
🌹,0x1f339,172,3,61,108,0.01744186046511628,0.3546511627906977,0.627906976744186,0.6104651162790697,1
🙆,0x1f646,171,15,54,102,0.08771929824561403,0.3157894736842105,0.5964912280701754,0.5087719298245614,1
➜,0x279c,170,8,126,36,0.047058823529411764,0.7411764705882353,0.21176470588235294,0.16470588235294117,0
👻,0x1f47b,168,28,73,67,0.16666666666666666,0.43452380952380953,0.39880952380952384,0.23214285714285718,0
💰,0x1f4b0,168,26,73,69,0.15476190476190477,0.43452380952380953,0.4107142857142857,0.25595238095238093,0
🍻,0x1f37b,165,17,45,103,0.10303030303030303,0.2727272727272727,0.6242424242424243,0.5212121212121212,1
🙅,0x1f645,165,76,47,42,0.46060606060606063,0.28484848484848485,0.2545454545454545,-0.2060606060606061,-1
🌞,0x1f31e,162,3,64,95,0.018518518518518517,0.3950617283950617,0.5864197530864198,0.5679012345679013,1
🍁,0x1f341,161,5,72,84,0.031055900621118012,0.4472049689440994,0.5217391304347826,0.4906832298136646,1
⭐,0x2b50,159,5,55,99,0.031446540880503145,0.34591194968553457,0.6226415094339622,0.5911949685534591,1
▪,0x25aa,159,15,97,47,0.09433962264150944,0.610062893081761,0.29559748427672955,0.2012578616352201,0
🎀,0x1f380,156,6,44,106,0.038461538461538464,0.28205128205128205,0.6794871794871795,0.6410256410256411,1
━,0x2501,156,14,100,42,0.08974358974358974,0.6410256410256411,0.2692307692307692,0.17948717948717946,0
☷,0x2637,154,2,140,12,0.012987012987012988,0.9090909090909091,0.07792207792207792,0.06493506493506493,0
🐷,0x1f437,152,11,73,68,0.07236842105263158,0.48026315789473684,0.4473684210526316,0.375,0
🙉,0x1f649,150,26,47,77,0.17333333333333334,0.31333333333333335,0.5133333333333333,0.33999999999999997,1
🌺,0x1f33a,150,2,62,86,0.013333333333333334,0.41333333333333333,0.5733333333333334,0.56,1
💅,0x1f485,149,27,36,86,0.18120805369127516,0.24161073825503357,0.5771812080536913,0.3959731543624162,1
🐶,0x1f436,148,12,37,99,0.08108108108108109,0.25,0.668918918918919,0.5878378378378379,1
🌚,0x1f31a,148,23,32,93,0.1554054054054054,0.21621621621621623,0.6283783783783784,0.472972972972973,1
👽,0x1f47d,146,13,73,60,0.08904109589041095,0.5,0.410958904109589,0.32191780821917804,0
🎤,0x1f3a4,144,17,40,87,0.11805555555555555,0.2777777777777778,0.6041666666666666,0.48611111111111105,1
👭,0x1f46d,144,20,36,88,0.1388888888888889,0.25,0.6111111111111112,0.47222222222222227,1
🎧,0x1f3a7,142,18,46,78,0.1267605633802817,0.323943661971831,0.5492957746478874,0.4225352112676057,1
👆,0x1f446,138,16,60,62,0.11594202898550725,0.43478260869565216,0.4492753623188406,0.3333333333333333,1
🍸,0x1f378,138,12,38,88,0.08695652173913043,0.2753623188405797,0.6376811594202898,0.5507246376811594,1
🍷,0x1f377,137,7,68,62,0.051094890510948905,0.49635036496350365,0.45255474452554745,0.40145985401459855,0
®,0xae,137,9,80,48,0.06569343065693431,0.583941605839416,0.35036496350364965,0.2846715328467153,0
🍉,0x1f349,136,10,33,93,0.07352941176470588,0.2426470588235294,0.6838235294117647,0.6102941176470589,1
😇,0x1f607,135,9,36,90,0.06666666666666667,0.26666666666666666,0.6666666666666666,0.6,1
☑,0x2611,135,2,117,16,0.014814814814814815,0.8666666666666667,0.11851851851851852,0.10370370370370371,0
🏃,0x1f3c3,135,12,55,68,0.08888888888888889,0.4074074074074074,0.5037037037037037,0.41481481481481475,1
😿,0x1f63f,134,78,29,27,0.582089552238806,0.21641791044776118,0.20149253731343283,-0.3805970149253731,-1
│,0x2502,134,0,87,47,0.0,0.6492537313432836,0.35074626865671643,0.35074626865671643,0
💣,0x1f4a3,131,40,50,41,0.3053435114503817,0.3816793893129771,0.31297709923664124,0.007633587786259555,0
🍺,0x1f37a,131,8,49,74,0.061068702290076333,0.37404580152671757,0.5648854961832062,0.5038167938931298,1
▶,0x25b6,131,7,89,35,0.05343511450381679,0.6793893129770993,0.26717557251908397,0.21374045801526717,0
😲,0x1f632,129,50,38,41,0.3875968992248062,0.29457364341085274,0.3178294573643411,-0.06976744186046513,-1
🎸,0x1f3b8,125,1,57,67,0.008,0.456,0.536,0.528,1
🍹,0x1f379,123,5,30,88,0.04065040650406504,0.24390243902439024,0.7154471544715447,0.6747967479674797,1
💫,0x1f4ab,121,4,51,66,0.03305785123966942,0.4214876033057851,0.5454545454545454,0.512396694214876,1
📚,0x1f4da,119,22,34,63,0.18487394957983194,0.2857142857142857,0.5294117647058824,0.3445378151260504,1
😶,0x1f636,117,50,34,33,0.42735042735042733,0.2905982905982906,0.28205128205128205,-0.14529914529914528,-1
🌷,0x1f337,116,0,52,64,0.0,0.4482758620689655,0.5517241379310345,0.5517241379310345,1
💝,0x1f49d,115,8,23,84,0.06956521739130435,0.2,0.7304347826086957,0.6608695652173913,1
💨,0x1f4a8,115,12,46,57,0.10434782608695652,0.4,0.4956521739130435,0.391304347826087,1
🏈,0x1f3c8,114,7,38,69,0.06140350877192982,0.3333333333333333,0.6052631578947368,0.543859649122807,1
💍,0x1f48d,112,16,25,71,0.14285714285714285,0.22321428571428573,0.6339285714285714,0.49107142857142855,1
☔,0x2614,111,21,36,54,0.1891891891891892,0.32432432432432434,0.4864864864864865,0.2972972972972973,1
👸,0x1f478,111,6,30,75,0.05405405405405406,0.2702702702702703,0.6756756756756757,0.6216216216216216,1
🇪,0x1f1ea,109,2,36,71,0.01834862385321101,0.3302752293577982,0.6513761467889908,0.6330275229357798,1
░,0x2591,108,25,63,20,0.23148148148148148,0.5833333333333334,0.18518518518518517,-0.04629629629629631,0
🍩,0x1f369,107,15,35,57,0.14018691588785046,0.32710280373831774,0.5327102803738317,0.39252336448598124,1
👾,0x1f47e,105,1,64,40,0.009523809523809525,0.6095238095238096,0.38095238095238093,0.3714285714285714,0
☁,0x2601,104,14,43,47,0.1346153846153846,0.41346153846153844,0.4519230769230769,0.3173076923076923,1
🌻,0x1f33b,104,1,41,62,0.009615384615384616,0.3942307692307692,0.5961538461538461,0.5865384615384616,1
😵,0x1f635,103,33,28,42,0.32038834951456313,0.27184466019417475,0.4077669902912621,0.08737864077669899,1
📒,0x1f4d2,102,0,98,4,0.0,0.9607843137254902,0.0392156862745098,0.0392156862745098,0
↿,0x21bf,102,0,34,68,0.0,0.3333333333333333,0.6666666666666666,0.6666666666666666,1
🐯,0x1f42f,100,4,43,53,0.04,0.43,0.53,0.49000000000000005,1
👼,0x1f47c,99,17,31,51,0.1717171717171717,0.31313131313131315,0.5151515151515151,0.3434343434343434,1
🍔,0x1f354,98,16,38,44,0.16326530612244897,0.3877551020408163,0.4489795918367347,0.2857142857142857,1
😸,0x1f638,97,11,34,52,0.1134020618556701,0.35051546391752575,0.5360824742268041,0.422680412371134,1
👶,0x1f476,96,13,27,56,0.13541666666666666,0.28125,0.5833333333333334,0.44791666666666674,1
↾,0x21be,96,0,32,64,0.0,0.3333333333333333,0.6666666666666666,0.6666666666666666,1
💐,0x1f490,95,3,17,75,0.031578947368421054,0.17894736842105263,0.7894736842105263,0.7578947368421053,1
🌊,0x1f30a,95,8,30,57,0.08421052631578947,0.3157894736842105,0.6,0.5157894736842105,1
🍦,0x1f366,95,13,24,58,0.1368421052631579,0.25263157894736843,0.6105263157894737,0.4736842105263158,1
🍓,0x1f353,94,3,23,68,0.031914893617021274,0.24468085106382978,0.723404255319149,0.6914893617021277,1
👇,0x1f447,94,13,44,37,0.13829787234042554,0.46808510638297873,0.39361702127659576,0.25531914893617025,0
💆,0x1f486,92,24,23,45,0.2608695652173913,0.25,0.4891304347826087,0.2282608695652174,1
🍴,0x1f374,92,4,33,55,0.043478260869565216,0.358695652173913,0.5978260869565217,0.5543478260869565,1
😧,0x1f627,92,36,26,30,0.391304347826087,0.2826086956521739,0.32608695652173914,-0.06521739130434784,-1
🇸,0x1f1f8,91,8,27,56,0.08791208791208792,0.2967032967032967,0.6153846153846154,0.5274725274725275,1
😮,0x1f62e,90,16,33,41,0.17777777777777778,0.36666666666666664,0.45555555555555555,0.2777777777777778,1
▓,0x2593,90,2,85,3,0.022222222222222223,0.9444444444444444,0.03333333333333333,0.01111111111111111,0
🚫,0x1f6ab,88,48,32,8,0.5454545454545454,0.36363636363636365,0.09090909090909091,-0.4545454545454545,-1
😽,0x1f63d,88,11,14,63,0.125,0.1590909090909091,0.7159090909090909,0.5909090909090909,1
🌈,0x1f308,88,5,31,52,0.056818181818181816,0.3522727272727273,0.5909090909090909,0.5340909090909092,1
🙀,0x1f640,88,14,30,44,0.1590909090909091,0.3409090909090909,0.5,0.34090909090909094,1
⚠,0x26a0,88,16,62,10,0.18181818181818182,0.7045454545454546,0.11363636363636363,-0.06818181818181819,0
🎮,0x1f3ae,86,8,32,46,0.09302325581395349,0.37209302325581395,0.5348837209302325,0.441860465116279,1
╯,0x256f,84,19,47,18,0.2261904761904762,0.5595238095238095,0.21428571428571427,-0.011904761904761918,0
🍆,0x1f346,84,6,37,41,0.07142857142857142,0.44047619047619047,0.4880952380952381,0.41666666666666663,1
🍰,0x1f370,84,13,19,52,0.15476190476190477,0.2261904761904762,0.6190476190476191,0.4642857142857143,1
✓,0x2713,84,9,41,34,0.10714285714285714,0.4880952380952381,0.40476190476190477,0.2976190476190476,0
👐,0x1f450,83,33,19,31,0.39759036144578314,0.2289156626506024,0.37349397590361444,-0.024096385542168697,-1
🙇,0x1f647,83,24,23,36,0.2891566265060241,0.27710843373493976,0.43373493975903615,0.14457831325301207,1
🍟,0x1f35f,83,14,29,40,0.1686746987951807,0.3493975903614458,0.4819277108433735,0.3132530120481928,1
🍌,0x1f34c,82,10,25,47,0.12195121951219512,0.3048780487804878,0.573170731707317,0.4512195121951219,1
💑,0x1f491,82,5,16,61,0.06097560975609756,0.1951219512195122,0.7439024390243902,0.6829268292682926,1
👬,0x1f46c,82,29,29,24,0.35365853658536583,0.35365853658536583,0.2926829268292683,-0.06097560975609756,-1
🐣,0x1f423,81,12,17,52,0.14814814814814814,0.20987654320987653,0.6419753086419753,0.49382716049382713,1
🎃,0x1f383,81,6,19,56,0.07407407407407407,0.2345679012345679,0.691358024691358,0.6172839506172839,1
▬,0x25ac,81,0,42,39,0.0,0.5185185185185185,0.48148148148148145,0.48148148148148145,0
￼,0xfffc,81,44,33,4,0.5432098765432098,0.4074074074074074,0.04938271604938271,-0.49382716049382713,-1
😟,0x1f61f,80,28,18,34,0.35,0.225,0.425,0.07500000000000001,1
🐾,0x1f43e,78,8,13,57,0.10256410256410256,0.16666666666666666,0.7307692307692307,0.6282051282051282,1
🎓,0x1f393,77,7,18,52,0.09090909090909091,0.23376623376623376,0.6753246753246753,0.5844155844155844,1
🏊,0x1f3ca,77,2,27,48,0.025974025974025976,0.35064935064935066,0.6233766233766234,0.5974025974025974,1
🍫,0x1f36b,76,22,20,34,0.2894736842105263,0.2631578947368421,0.4473684210526316,0.15789473684210525,1
📷,0x1f4f7,76,7,28,41,0.09210526315789473,0.3684210526315789,0.5394736842105263,0.4473684210526316,1
👄,0x1f444,75,5,28,42,0.06666666666666667,0.37333333333333335,0.56,0.4933333333333334,1
🌼,0x1f33c,74,1,12,61,0.013513513513513514,0.16216216216216217,0.8243243243243243,0.8108108108108109,1
🚶,0x1f6b6,74,28,29,17,0.3783783783783784,0.3918918918918919,0.22972972972972974,-0.14864864864864866,0
🐱,0x1f431,73,10,14,49,0.136986301369863,0.1917808219178082,0.6712328767123288,0.5342465753424658,1
║,0x2551,73,0,62,11,0.0,0.8493150684931506,0.1506849315068493,0.1506849315068493,0
🐸,0x1f438,72,24,30,18,0.3333333333333333,0.4166666666666667,0.25,-0.08333333333333331,0
🇺,0x1f1fa,71,8,15,48,0.11267605633802817,0.2112676056338028,0.676056338028169,0.5633802816901409,1
👿,0x1f47f,70,47,15,8,0.6714285714285714,0.21428571428571427,0.11428571428571428,-0.557142857142857,-1
🚬,0x1f6ac,70,8,16,46,0.11428571428571428,0.22857142857142856,0.6571428571428571,0.5428571428571428,1
✿,0x273f,70,2,38,30,0.02857142857142857,0.5428571428571428,0.42857142857142855,0.39999999999999997,0
📖,0x1f4d6,68,18,20,30,0.2647058823529412,0.29411764705882354,0.4411764705882353,0.1764705882352941,1
🐒,0x1f412,68,1,29,38,0.014705882352941176,0.4264705882352941,0.5588235294117647,0.5441176470588236,1
🌍,0x1f30d,68,5,16,47,0.07352941176470588,0.23529411764705882,0.6911764705882353,0.6176470588235294,1
┊,0x250a,68,0,0,68,0.0,0.0,1.0,1.0,1
🐥,0x1f425,67,4,18,45,0.05970149253731343,0.26865671641791045,0.6716417910447762,0.6119402985074628,1
🌀,0x1f300,66,10,39,17,0.15151515151515152,0.5909090909090909,0.25757575757575757,0.10606060606060605,0
🐼,0x1f43c,66,4,40,22,0.06060606060606061,0.6060606060606061,0.3333333333333333,0.2727272727272727,0
🎥,0x1f3a5,66,8,30,28,0.12121212121212122,0.45454545454545453,0.42424242424242425,0.30303030303030304,0
💄,0x1f484,66,6,24,36,0.09090909090909091,0.36363636363636365,0.5454545454545454,0.4545454545454545,1
💸,0x1f4b8,66,16,23,27,0.24242424242424243,0.3484848484848485,0.4090909090909091,0.16666666666666669,1
⛔,0x26d4,65,5,22,38,0.07692307692307693,0.3384615384615385,0.5846153846153846,0.5076923076923077,1
●,0x25cf,65,8,37,20,0.12307692307692308,0.5692307692307692,0.3076923076923077,0.18461538461538463,0
🏀,0x1f3c0,64,13,21,30,0.203125,0.328125,0.46875,0.265625,1
💉,0x1f489,64,11,18,35,0.171875,0.28125,0.546875,0.375,1
💟,0x1f49f,63,3,12,48,0.047619047619047616,0.19047619047619047,0.7619047619047619,0.7142857142857142,1
🚗,0x1f697,62,8,31,23,0.12903225806451613,0.5,0.3709677419354839,0.24193548387096775,0
😯,0x1f62f,62,16,22,24,0.25806451612903225,0.3548387096774194,0.3870967741935484,0.12903225806451613,1
📝,0x1f4dd,62,8,31,23,0.12903225806451613,0.5,0.3709677419354839,0.24193548387096775,0
═,0x2550,62,0,61,1,0.0,0.9838709677419355,0.016129032258064516,0.016129032258064516,0
♦,0x2666,61,6,20,35,0.09836065573770492,0.32786885245901637,0.5737704918032787,0.47540983606557374,1
💭,0x1f4ad,60,10,27,23,0.16666666666666666,0.45,0.38333333333333336,0.2166666666666667,0
🌙,0x1f319,58,3,16,39,0.05172413793103448,0.27586206896551724,0.6724137931034483,0.6206896551724138,1
🐟,0x1f41f,58,2,12,44,0.034482758620689655,0.20689655172413793,0.7586206896551724,0.7241379310344828,1
👣,0x1f463,58,6,25,27,0.10344827586206896,0.43103448275862066,0.46551724137931033,0.3620689655172414,1
☞,0x261e,58,0,51,7,0.0,0.8793103448275862,0.1206896551724138,0.1206896551724138,0
✂,0x2702,58,34,18,6,0.5862068965517241,0.3103448275862069,0.10344827586206896,-0.48275862068965514,-1
🗿,0x1f5ff,58,5,21,32,0.08620689655172414,0.3620689655172414,0.5517241379310345,0.46551724137931033,1
🍝,0x1f35d,57,16,18,23,0.2807017543859649,0.3157894736842105,0.40350877192982454,0.12280701754385964,1
👪,0x1f46a,57,24,10,23,0.42105263157894735,0.17543859649122806,0.40350877192982454,-0.017543859649122806,-1
🍭,0x1f36d,57,9,21,27,0.15789473684210525,0.3684210526315789,0.47368421052631576,0.3157894736842105,1
🌃,0x1f303,56,3,27,26,0.05357142857142857,0.48214285714285715,0.4642857142857143,0.41071428571428575,0
❌,0x274c,56,14,12,30,0.25,0.21428571428571427,0.5357142857142857,0.2857142857142857,1
🐰,0x1f430,55,4,13,38,0.07272727272727272,0.23636363636363636,0.6909090909090909,0.6181818181818182,1
💊,0x1f48a,55,8,14,33,0.14545454545454545,0.2545454545454545,0.6,0.45454545454545453,1
🚨,0x1f6a8,55,6,6,43,0.10909090909090909,0.10909090909090909,0.7818181818181819,0.6727272727272727,1
😦,0x1f626,54,30,15,9,0.5555555555555556,0.2777777777777778,0.16666666666666666,-0.38888888888888895,-1
🍪,0x1f36a,54,10,16,28,0.18518518518518517,0.2962962962962963,0.5185185185185185,0.3333333333333333,1
🍣,0x1f363,53,24,18,11,0.4528301886792453,0.33962264150943394,0.20754716981132076,-0.24528301886792453,-1
╭,0x256d,53,3,38,12,0.05660377358490566,0.7169811320754716,0.22641509433962265,0.169811320754717,0
✧,0x2727,53,1,33,19,0.018867924528301886,0.6226415094339622,0.3584905660377358,0.33962264150943394,0
🎆,0x1f386,52,2,9,41,0.038461538461538464,0.17307692307692307,0.7884615384615384,0.75,1
╮,0x256e,52,5,35,12,0.09615384615384616,0.6730769230769231,0.23076923076923078,0.13461538461538464,0
🎎,0x1f38e,51,0,2,49,0.0,0.0392156862745098,0.9607843137254902,0.9607843137254902,1
🇩,0x1f1e9,51,1,16,34,0.0196078431372549,0.3137254901960784,0.6666666666666666,0.6470588235294117,1
✅,0x2705,51,3,23,25,0.058823529411764705,0.45098039215686275,0.49019607843137253,0.4313725490196078,1
👹,0x1f479,49,13,20,16,0.2653061224489796,0.40816326530612246,0.32653061224489793,0.061224489795918324,0
📱,0x1f4f1,49,4,25,20,0.08163265306122448,0.5102040816326531,0.40816326530612246,0.326530612244898,0
🙍,0x1f64d,49,29,8,12,0.5918367346938775,0.16326530612244897,0.24489795918367346,-0.3469387755102041,-1
🍑,0x1f351,49,12,12,25,0.24489795918367346,0.24489795918367346,0.5102040816326531,0.2653061224489796,1
🎼,0x1f3bc,49,2,28,19,0.04081632653061224,0.5714285714285714,0.3877551020408163,0.3469387755102041,0
🔊,0x1f50a,49,4,20,25,0.08163265306122448,0.40816326530612246,0.5102040816326531,0.4285714285714286,1
🌌,0x1f30c,47,5,11,31,0.10638297872340426,0.23404255319148937,0.6595744680851063,0.553191489361702,1
🍎,0x1f34e,47,6,19,22,0.1276595744680851,0.40425531914893614,0.46808510638297873,0.34042553191489366,1
🐻,0x1f43b,47,6,13,28,0.1276595744680851,0.2765957446808511,0.5957446808510638,0.46808510638297873,1
─,0x2500,47,0,40,7,0.0,0.851063829787234,0.14893617021276595,0.14893617021276595,0
╰,0x2570,47,7,36,4,0.14893617021276595,0.7659574468085106,0.0851063829787234,-0.06382978723404255,0
💇,0x1f487,46,7,16,23,0.15217391304347827,0.34782608695652173,0.5,0.34782608695652173,1
♬,0x266c,46,4,26,16,0.08695652173913043,0.5652173913043478,0.34782608695652173,0.2608695652173913,0
♚,0x265a,46,0,44,2,0.0,0.9565217391304348,0.043478260869565216,0.043478260869565216,0
🔴,0x1f534,45,1,24,20,0.022222222222222223,0.5333333333333333,0.4444444444444444,0.4222222222222222,0
🍱,0x1f371,45,25,10,10,0.5555555555555556,0.2222222222222222,0.2222222222222222,-0.33333333333333337,-1
🍊,0x1f34a,45,6,13,26,0.13333333333333333,0.28888888888888886,0.5777777777777777,0.4444444444444444,1
🍒,0x1f352,45,6,18,21,0.13333333333333333,0.4,0.4666666666666667,0.33333333333333337,1
🐭,0x1f42d,45,0,12,33,0.0,0.26666666666666666,0.7333333333333333,0.7333333333333333,1
👟,0x1f45f,45,5,15,25,0.1111111111111111,0.3333333333333333,0.5555555555555556,0.4444444444444445,1
🌎,0x1f30e,44,5,19,20,0.11363636363636363,0.4318181818181818,0.45454545454545453,0.3409090909090909,1
🍍,0x1f34d,44,7,8,29,0.1590909090909091,0.18181818181818182,0.6590909090909091,0.5,1
🐮,0x1f42e,43,2,12,29,0.046511627906976744,0.27906976744186046,0.6744186046511628,0.627906976744186,1
📲,0x1f4f2,43,7,18,18,0.16279069767441862,0.4186046511627907,0.4186046511627907,0.2558139534883721,0
☼,0x263c,43,2,30,11,0.046511627906976744,0.6976744186046512,0.2558139534883721,0.20930232558139536,0
🌅,0x1f305,42,6,14,22,0.14285714285714285,0.3333333333333333,0.5238095238095238,0.380952380952381,1
🇷,0x1f1f7,42,1,10,31,0.023809523809523808,0.23809523809523808,0.7380952380952381,0.7142857142857143,1
👠,0x1f460,42,6,14,22,0.14285714285714285,0.3333333333333333,0.5238095238095238,0.380952380952381,1
🌽,0x1f33d,42,5,12,25,0.11904761904761904,0.2857142857142857,0.5952380952380952,0.47619047619047616,1
💧,0x1f4a7,41,20,8,13,0.4878048780487805,0.1951219512195122,0.3170731707317073,-0.17073170731707316,-1
❓,0x2753,41,7,24,10,0.17073170731707318,0.5853658536585366,0.24390243902439024,0.07317073170731705,0
🍬,0x1f36c,41,8,9,24,0.1951219512195122,0.21951219512195122,0.5853658536585366,0.39024390243902435,1
😺,0x1f63a,40,8,7,25,0.2,0.175,0.625,0.425,1
🐴,0x1f434,40,8,21,11,0.2,0.525,0.275,0.07500000000000001,0
🚀,0x1f680,40,2,15,23,0.05,0.375,0.575,0.5249999999999999,1
¦,0xa6,40,7,1,32,0.175,0.025,0.8,0.625,1
💢,0x1f4a2,40,6,18,16,0.15,0.45,0.4,0.25,0
🎬,0x1f3ac,40,2,24,14,0.05,0.6,0.35,0.3,0
🍧,0x1f367,40,9,9,22,0.225,0.225,0.55,0.32500000000000007,1
🍜,0x1f35c,40,9,5,26,0.225,0.125,0.65,0.42500000000000004,1
🐏,0x1f40f,40,2,12,26,0.05,0.3,0.65,0.6,1
🐘,0x1f418,40,9,21,10,0.225,0.525,0.25,0.024999999999999994,0
👧,0x1f467,40,10,14,16,0.25,0.35,0.4,0.15000000000000002,1
⠀,0x2800,40,6,26,8,0.15,0.65,0.2,0.05000000000000002,0
🏄,0x1f3c4,39,2,13,24,0.05128205128205128,0.3333333333333333,0.6153846153846154,0.5641025641025641,1
➤,0x27a4,39,0,26,13,0.0,0.6666666666666666,0.3333333333333333,0.3333333333333333,0
⬆,0x2b06,39,1,25,13,0.02564102564102564,0.6410256410256411,0.3333333333333333,0.30769230769230765,0
🍋,0x1f34b,38,6,16,16,0.15789473684210525,0.42105263157894735,0.42105263157894735,0.2631578947368421,0
🆗,0x1f197,38,6,4,28,0.15789473684210525,0.10526315789473684,0.7368421052631579,0.5789473684210527,1
⚪,0x26aa,37,0,19,18,0.0,0.5135135135135135,0.4864864864864865,0.4864864864864865,0
📺,0x1f4fa,37,3,16,18,0.08108108108108109,0.43243243243243246,0.4864864864864865,0.40540540540540543,1
🍅,0x1f345,37,9,5,23,0.24324324324324326,0.13513513513513514,0.6216216216216216,0.37837837837837834,1
⛅,0x26c5,37,4,11,22,0.10810810810810811,0.2972972972972973,0.5945945945945946,0.4864864864864865,1
🐢,0x1f422,37,6,17,14,0.16216216216216217,0.4594594594594595,0.3783783783783784,0.21621621621621623,0
👙,0x1f459,37,3,11,23,0.08108108108108109,0.2972972972972973,0.6216216216216216,0.5405405405405406,1
🏡,0x1f3e1,36,5,9,22,0.1388888888888889,0.25,0.6111111111111112,0.47222222222222227,1
🌾,0x1f33e,36,5,5,26,0.1388888888888889,0.1388888888888889,0.7222222222222222,0.5833333333333333,1
◉,0x25c9,36,0,26,10,0.0,0.7222222222222222,0.2777777777777778,0.2777777777777778,0
✏,0x270f,35,3,16,16,0.08571428571428572,0.45714285714285713,0.45714285714285713,0.37142857142857144,0
🐬,0x1f42c,35,2,15,18,0.05714285714285714,0.42857142857142855,0.5142857142857142,0.4571428571428571,1
🍤,0x1f364,35,6,21,8,0.17142857142857143,0.6,0.22857142857142856,0.057142857142857134,0
🇹,0x1f1f9,35,0,13,22,0.0,0.37142857142857144,0.6285714285714286,0.6285714285714286,1
♣,0x2663,35,4,14,17,0.11428571428571428,0.4,0.4857142857142857,0.37142857142857144,1
🐝,0x1f41d,35,5,17,13,0.14285714285714285,0.4857142857142857,0.37142857142857144,0.2285714285714286,0
🌝,0x1f31d,34,5,17,12,0.14705882352941177,0.5,0.35294117647058826,0.2058823529411765,0
🇮,0x1f1ee,34,0,12,22,0.0,0.35294117647058826,0.6470588235294118,0.6470588235294118,1
🔋,0x1f50b,34,22,8,4,0.6470588235294118,0.23529411764705882,0.11764705882352941,-0.5294117647058824,-1
🐍,0x1f40d,34,3,15,16,0.08823529411764706,0.4411764705882353,0.47058823529411764,0.38235294117647056,1
♔,0x2654,34,0,14,20,0.0,0.4117647058823529,0.5882352941176471,0.5882352941176471,1
🍳,0x1f373,33,13,6,14,0.3939393939393939,0.18181818181818182,0.42424242424242425,0.03030303030303033,1
🔵,0x1f535,33,4,14,15,0.12121212121212122,0.42424242424242425,0.45454545454545453,0.3333333333333333,1
😾,0x1f63e,33,20,5,8,0.6060606060606061,0.15151515151515152,0.24242424242424243,-0.36363636363636365,-1
🌕,0x1f315,33,3,7,23,0.09090909090909091,0.21212121212121213,0.696969696969697,0.6060606060606061,1
🐨,0x1f428,33,4,9,20,0.12121212121212122,0.2727272727272727,0.6060606060606061,0.48484848484848486,1
🔐,0x1f510,33,6,9,18,0.18181818181818182,0.2727272727272727,0.5454545454545454,0.3636363636363636,1
💿,0x1f4bf,33,0,11,22,0.0,0.3333333333333333,0.6666666666666666,0.6666666666666666,1
❁,0x2741,33,0,31,2,0.0,0.9393939393939394,0.06060606060606061,0.06060606060606061,0
🌳,0x1f333,32,2,11,19,0.0625,0.34375,0.59375,0.53125,1
👰,0x1f470,32,3,9,20,0.09375,0.28125,0.625,0.53125,1
❀,0x2740,32,0,18,14,0.0,0.5625,0.4375,0.4375,0
⚓,0x2693,32,2,8,22,0.0625,0.25,0.6875,0.625,1
🚴,0x1f6b4,32,0,9,23,0.0,0.28125,0.71875,0.71875,1
▀,0x2580,32,10,17,5,0.3125,0.53125,0.15625,-0.15625,0
👗,0x1f457,31,5,13,13,0.16129032258064516,0.41935483870967744,0.41935483870967744,0.25806451612903225,0
➕,0x2795,31,4,5,22,0.12903225806451613,0.16129032258064516,0.7096774193548387,0.5806451612903226,1
💬,0x1f4ac,30,4,10,16,0.13333333333333333,0.3333333333333333,0.5333333333333333,0.4,1
▒,0x2592,30,2,27,1,0.06666666666666667,0.9,0.03333333333333333,-0.03333333333333333,0
🔜,0x1f51c,30,5,11,14,0.16666666666666666,0.36666666666666664,0.4666666666666667,0.30000000000000004,1
🍨,0x1f368,30,8,7,15,0.26666666666666666,0.23333333333333334,0.5,0.23333333333333334,1
💲,0x1f4b2,30,0,22,8,0.0,0.7333333333333333,0.26666666666666666,0.26666666666666666,0
⛽,0x26fd,30,1,23,6,0.03333333333333333,0.7666666666666667,0.2,0.16666666666666669,0
🍙,0x1f359,29,5,10,14,0.1724137931034483,0.3448275862068966,0.4827586206896552,0.3103448275862069,1
🍗,0x1f357,29,9,9,11,0.3103448275862069,0.3103448275862069,0.3793103448275862,0.06896551724137928,1
🍲,0x1f372,29,7,11,11,0.2413793103448276,0.3793103448275862,0.3793103448275862,0.1379310344827586,0
🍥,0x1f365,29,22,4,3,0.7586206896551724,0.13793103448275862,0.10344827586206896,-0.6551724137931034,-1
▸,0x25b8,29,0,22,7,0.0,0.7586206896551724,0.2413793103448276,0.2413793103448276,0
♛,0x265b,29,4,15,10,0.13793103448275862,0.5172413793103449,0.3448275862068966,0.20689655172413796,0
😼,0x1f63c,28,5,7,16,0.17857142857142858,0.25,0.5714285714285714,0.3928571428571428,1
🐙,0x1f419,28,2,12,14,0.07142857142857142,0.42857142857142855,0.5,0.4285714285714286,1
👨,0x1f468,28,2,8,18,0.07142857142857142,0.2857142857142857,0.6428571428571429,0.5714285714285715,1
🍚,0x1f35a,28,6,2,20,0.21428571428571427,0.07142857142857142,0.7142857142857143,0.5,1
🍖,0x1f356,28,7,10,11,0.25,0.35714285714285715,0.39285714285714285,0.14285714285714285,1
♨,0x2668,28,0,1,27,0.0,0.03571428571428571,0.9642857142857143,0.9642857142857143,1
🎹,0x1f3b9,28,0,17,11,0.0,0.6071428571428571,0.39285714285714285,0.39285714285714285,0
♕,0x2655,28,0,16,12,0.0,0.5714285714285714,0.42857142857142855,0.42857142857142855,0
▃,0x2583,28,0,0,28,0.0,0.0,1.0,1.0,1
🚘,0x1f698,27,8,9,10,0.2962962962962963,0.3333333333333333,0.37037037037037035,0.07407407407407407,1
🍏,0x1f34f,27,7,11,9,0.25925925925925924,0.4074074074074074,0.3333333333333333,0.07407407407407407,0
👩,0x1f469,27,9,7,11,0.3333333333333333,0.25925925925925924,0.4074074074074074,0.07407407407407407,1
👦,0x1f466,27,5,13,9,0.18518518518518517,0.48148148148148145,0.3333333333333333,0.14814814814814814,0
🇬,0x1f1ec,27,2,15,10,0.07407407407407407,0.5555555555555556,0.37037037037037035,0.2962962962962963,0
🇧,0x1f1e7,27,2,15,10,0.07407407407407407,0.5555555555555556,0.37037037037037035,0.2962962962962963,0
☠,0x2620,27,7,14,6,0.25925925925925924,0.5185185185185185,0.2222222222222222,-0.037037037037037035,0
🐠,0x1f420,26,4,6,16,0.15384615384615385,0.23076923076923078,0.6153846153846154,0.46153846153846156,1
🚹,0x1f6b9,26,1,4,21,0.038461538461538464,0.15384615384615385,0.8076923076923077,0.7692307692307693,1
💵,0x1f4b5,26,3,9,14,0.11538461538461539,0.34615384615384615,0.5384615384615384,0.423076923076923,1
✰,0x2730,26,0,3,23,0.0,0.11538461538461539,0.8846153846153846,0.8846153846153846,1
╠,0x2560,26,0,20,6,0.0,0.7692307692307693,0.23076923076923078,0.23076923076923078,0
👛,0x1f45b,25,4,7,14,0.16,0.28,0.56,0.4,1
🚙,0x1f699,25,5,14,6,0.2,0.56,0.24,0.03999999999999998,0
🌱,0x1f331,25,0,9,16,0.0,0.36,0.64,0.64,1
💻,0x1f4bb,25,1,16,8,0.04,0.64,0.32,0.28,0
🌏,0x1f30f,25,3,10,12,0.12,0.4,0.48,0.36,1
▄,0x2584,25,8,11,6,0.32,0.44,0.24,-0.08000000000000002,0
👓,0x1f453,24,0,16,8,0.0,0.6666666666666666,0.3333333333333333,0.3333333333333333,0
◄,0x25c4,24,0,18,6,0.0,0.75,0.25,0.25,0
⚾,0x26be,24,9,7,8,0.375,0.2916666666666667,0.3333333333333333,-0.041666666666666685,-1
🌲,0x1f332,23,2,9,12,0.08695652173913043,0.391304347826087,0.5217391304347826,0.43478260869565216,1
👴,0x1f474,23,5,7,11,0.21739130434782608,0.30434782608695654,0.4782608695652174,0.26086956521739135,1
🏠,0x1f3e0,23,1,8,14,0.043478260869565216,0.34782608695652173,0.6086956521739131,0.5652173913043479,1
🍇,0x1f347,23,5,6,12,0.21739130434782608,0.2608695652173913,0.5217391304347826,0.30434782608695654,1
🍘,0x1f358,23,5,3,15,0.21739130434782608,0.13043478260869565,0.6521739130434783,0.4347826086956522,1
🍛,0x1f35b,23,8,6,9,0.34782608695652173,0.2608695652173913,0.391304347826087,0.043478260869565244,1
🐇,0x1f407,23,4,9,10,0.17391304347826086,0.391304347826087,0.43478260869565216,0.2608695652173913,1
🔞,0x1f51e,23,6,12,5,0.2608695652173913,0.5217391304347826,0.21739130434782608,-0.043478260869565216,0
👵,0x1f475,23,5,2,16,0.21739130434782608,0.08695652173913043,0.6956521739130435,0.4782608695652174,1
◀,0x25c0,23,0,16,7,0.0,0.6956521739130435,0.30434782608695654,0.30434782608695654,0
🔙,0x1f519,23,2,14,7,0.08695652173913043,0.6086956521739131,0.30434782608695654,0.2173913043478261,0
🌵,0x1f335,23,6,6,11,0.2608695652173913,0.2608695652173913,0.4782608695652174,0.2173913043478261,1
🐽,0x1f43d,22,5,9,8,0.22727272727272727,0.4090909090909091,0.36363636363636365,0.13636363636363638,0
🍮,0x1f36e,22,10,5,7,0.45454545454545453,0.22727272727272727,0.3181818181818182,-0.13636363636363635,-1
🎇,0x1f387,22,1,3,18,0.045454545454545456,0.13636363636363635,0.8181818181818182,0.7727272727272728,1
🐎,0x1f40e,22,2,8,12,0.09090909090909091,0.36363636363636365,0.5454545454545454,0.4545454545454545,1
➔,0x2794,22,3,19,0,0.13636363636363635,0.8636363636363636,0.0,-0.13636363636363635,0
💶,0x1f4b6,22,3,16,3,0.13636363636363635,0.7272727272727273,0.13636363636363635,0.0,0
🐤,0x1f424,22,1,7,14,0.045454545454545456,0.3181818181818182,0.6363636363636364,0.5909090909090909,1
╩,0x2569,22,0,17,5,0.0,0.7727272727272727,0.22727272727272727,0.22727272727272727,0
🛀,0x1f6c0,21,6,6,9,0.2857142857142857,0.2857142857142857,0.42857142857142855,0.14285714285714285,1
🌑,0x1f311,21,2,6,13,0.09523809523809523,0.2857142857142857,0.6190476190476191,0.5238095238095238,1
🚲,0x1f6b2,21,1,10,10,0.047619047619047616,0.47619047619047616,0.47619047619047616,0.42857142857142855,0
🐑,0x1f411,21,6,13,2,0.2857142857142857,0.6190476190476191,0.09523809523809523,-0.19047619047619047,0
🏁,0x1f3c1,21,0,9,12,0.0,0.42857142857142855,0.5714285714285714,0.5714285714285714,1
🍞,0x1f35e,21,6,8,7,0.2857142857142857,0.38095238095238093,0.3333333333333333,0.047619047619047616,0
🎾,0x1f3be,21,2,4,15,0.09523809523809523,0.19047619047619047,0.7142857142857143,0.6190476190476191,1
╚,0x255a,21,0,14,7,0.0,0.6666666666666666,0.3333333333333333,0.3333333333333333,0
🈹,0x1f239,21,1,12,8,0.047619047619047616,0.5714285714285714,0.38095238095238093,0.3333333333333333,0
🐳,0x1f433,20,4,9,7,0.2,0.45,0.35,0.14999999999999997,0
👮,0x1f46e,20,10,8,2,0.5,0.4,0.1,-0.4,-1
☹,0x2639,20,14,4,2,0.7,0.2,0.1,-0.6,-1
🐵,0x1f435,20,1,7,12,0.05,0.35,0.6,0.5499999999999999,1
✪,0x272a,20,0,13,7,0.0,0.65,0.35,0.35,0
◕,0x25d5,20,0,10,10,0.0,0.5,0.5,0.5,0
🗼,0x1f5fc,20,1,6,13,0.05,0.3,0.65,0.6,1
▐,0x2590,20,4,15,1,0.2,0.75,0.05,-0.15000000000000002,0
♠,0x2660,20,0,13,7,0.0,0.65,0.35,0.35,0
┳,0x2533,20,10,8,2,0.5,0.4,0.1,-0.4,-1
👺,0x1f47a,19,8,7,4,0.42105263157894735,0.3684210526315789,0.21052631578947367,-0.21052631578947367,-1
🐚,0x1f41a,19,1,12,6,0.05263157894736842,0.631578947368421,0.3157894736842105,0.2631578947368421,0
👂,0x1f442,19,7,8,4,0.3684210526315789,0.42105263157894735,0.21052631578947367,-0.15789473684210525,0
🗽,0x1f5fd,19,1,10,8,0.05263157894736842,0.5263157894736842,0.42105263157894735,0.3684210526315789,0
🍵,0x1f375,19,3,5,11,0.15789473684210525,0.2631578947368421,0.5789473684210527,0.4210526315789474,1
🆒,0x1f192,19,0,11,8,0.0,0.5789473684210527,0.42105263157894735,0.42105263157894735,0
🍯,0x1f36f,19,7,4,8,0.3684210526315789,0.21052631578947367,0.42105263157894735,0.05263157894736842,1
🐺,0x1f43a,19,2,10,7,0.10526315789473684,0.5263157894736842,0.3684210526315789,0.2631578947368421,0
⇨,0x21e8,19,0,9,10,0.0,0.47368421052631576,0.5263157894736842,0.5263157894736842,1
➨,0x27a8,19,2,12,5,0.10526315789473684,0.631578947368421,0.2631578947368421,0.15789473684210525,0
🌓,0x1f313,19,0,6,13,0.0,0.3157894736842105,0.6842105263157895,0.6842105263157895,1
🔒,0x1f512,19,5,5,9,0.2631578947368421,0.2631578947368421,0.47368421052631576,0.21052631578947367,1
╬,0x256c,19,6,10,3,0.3157894736842105,0.5263157894736842,0.15789473684210525,-0.15789473684210525,0
👳,0x1f473,18,2,1,15,0.1111111111111111,0.05555555555555555,0.8333333333333334,0.7222222222222223,1
🌂,0x1f302,18,2,9,7,0.1111111111111111,0.5,0.3888888888888889,0.2777777777777778,0
🚌,0x1f68c,18,2,10,6,0.1111111111111111,0.5555555555555556,0.3333333333333333,0.2222222222222222,0
♩,0x2669,18,0,7,11,0.0,0.3888888888888889,0.6111111111111112,0.6111111111111112,1
🍡,0x1f361,18,5,9,4,0.2777777777777778,0.5,0.2222222222222222,-0.05555555555555558,0
❥,0x2765,18,0,13,5,0.0,0.7222222222222222,0.2777777777777778,0.2777777777777778,0
🎡,0x1f3a1,18,1,10,7,0.05555555555555555,0.5555555555555556,0.3888888888888889,0.33333333333333337,0
💌,0x1f48c,17,2,3,12,0.11764705882352941,0.17647058823529413,0.7058823529411765,0.5882352941176471,1
🐩,0x1f429,17,0,10,7,0.0,0.5882352941176471,0.4117647058823529,0.4117647058823529,0
🌜,0x1f31c,17,0,7,10,0.0,0.4117647058823529,0.5882352941176471,0.5882352941176471,1
⌚,0x231a,17,2,9,6,0.11764705882352941,0.5294117647058824,0.35294117647058826,0.23529411764705885,0
🚿,0x1f6bf,17,1,3,13,0.058823529411764705,0.17647058823529413,0.7647058823529411,0.7058823529411764,1
🐖,0x1f416,17,0,14,3,0.0,0.8235294117647058,0.17647058823529413,0.17647058823529413,0
🔆,0x1f506,17,0,6,11,0.0,0.35294117647058826,0.6470588235294118,0.6470588235294118,1
🌛,0x1f31b,17,0,6,11,0.0,0.35294117647058826,0.6470588235294118,0.6470588235294118,1
💂,0x1f482,17,8,4,5,0.47058823529411764,0.23529411764705882,0.29411764705882354,-0.1764705882352941,-1
🐔,0x1f414,17,1,9,7,0.058823529411764705,0.5294117647058824,0.4117647058823529,0.3529411764705882,0
🙎,0x1f64e,17,8,2,7,0.47058823529411764,0.11764705882352941,0.4117647058823529,-0.05882352941176472,-1
🏩,0x1f3e9,16,2,4,10,0.125,0.25,0.625,0.5,1
🇫,0x1f1eb,16,0,7,9,0.0,0.4375,0.5625,0.5625,1
🔨,0x1f528,16,6,6,4,0.375,0.375,0.25,-0.125,-1
📢,0x1f4e2,16,0,8,8,0.0,0.5,0.5,0.5,0
🐦,0x1f426,16,0,8,8,0.0,0.5,0.5,0.5,0
🐲,0x1f432,16,2,13,1,0.125,0.8125,0.0625,-0.0625,0
♻,0x267b,16,0,7,9,0.0,0.4375,0.5625,0.5625,1
🌘,0x1f318,16,0,5,11,0.0,0.3125,0.6875,0.6875,1
🍐,0x1f350,16,5,3,8,0.3125,0.1875,0.5,0.1875,1
🌔,0x1f314,16,0,5,11,0.0,0.3125,0.6875,0.6875,1
╥,0x2565,16,6,2,8,0.375,0.125,0.5,0.125,1
❊,0x274a,16,0,16,0,0.0,1.0,0.0,0.0,0
👖,0x1f456,15,1,7,7,0.06666666666666667,0.4666666666666667,0.4666666666666667,0.4,0
🚺,0x1f6ba,15,2,8,5,0.13333333333333333,0.5333333333333333,0.3333333333333333,0.19999999999999998,0
😗,0x1f617,15,1,2,12,0.06666666666666667,0.13333333333333333,0.8,0.7333333333333334,1
🎭,0x1f3ad,15,5,5,5,0.3333333333333333,0.3333333333333333,0.3333333333333333,0.0,-1
🐄,0x1f404,15,2,6,7,0.13333333333333333,0.4,0.4666666666666667,0.33333333333333337,1
◟,0x25df,15,2,12,1,0.13333333333333333,0.8,0.06666666666666667,-0.06666666666666667,0
🍢,0x1f362,15,5,7,3,0.3333333333333333,0.4666666666666667,0.2,-0.1333333333333333,0
🎨,0x1f3a8,15,1,10,4,0.06666666666666667,0.6666666666666666,0.26666666666666666,0.2,0
⬇,0x2b07,15,2,4,9,0.13333333333333333,0.26666666666666666,0.6,0.4666666666666667,1
🚼,0x1f6bc,15,0,5,10,0.0,0.3333333333333333,0.6666666666666666,0.6666666666666666,1
⛲,0x26f2,15,1,12,2,0.06666666666666667,0.8,0.13333333333333333,0.06666666666666667,0
▁,0x2581,15,0,15,0,0.0,1.0,0.0,0.0,0
🇴,0x1f1f4,15,0,9,6,0.0,0.6,0.4,0.4,0
🌗,0x1f317,15,0,4,11,0.0,0.26666666666666666,0.7333333333333333,0.7333333333333333,1
🌖,0x1f316,15,0,4,11,0.0,0.26666666666666666,0.7333333333333333,0.7333333333333333,1
🔅,0x1f505,15,0,0,15,0.0,0.0,1.0,1.0,1
👜,0x1f45c,14,2,6,6,0.14285714285714285,0.42857142857142855,0.42857142857142855,0.2857142857142857,0
🐌,0x1f40c,14,0,3,11,0.0,0.21428571428571427,0.7857142857142857,0.7857142857142857,1
💼,0x1f4bc,14,1,3,10,0.07142857142857142,0.21428571428571427,0.7142857142857143,0.6428571428571429,1
🚕,0x1f695,14,3,8,3,0.21428571428571427,0.5714285714285714,0.21428571428571427,0.0,0
🐹,0x1f439,14,3,3,8,0.21428571428571427,0.21428571428571427,0.5714285714285714,0.3571428571428571,1
🌠,0x1f320,14,2,1,11,0.14285714285714285,0.07142857142857142,0.7857142857142857,0.6428571428571428,1
🐈,0x1f408,14,0,9,5,0.0,0.6428571428571429,0.35714285714285715,0.35714285714285715,0
⇧,0x21e7,14,0,12,2,0.0,0.8571428571428571,0.14285714285714285,0.14285714285714285,0
☎,0x260e,14,2,10,2,0.14285714285714285,0.7142857142857143,0.14285714285714285,0.0,0
🌁,0x1f301,14,1,9,4,0.07142857142857142,0.6428571428571429,0.2857142857142857,0.21428571428571427,0
⚫,0x26ab,14,3,4,7,0.21428571428571427,0.2857142857142857,0.5,0.2857142857142857,1
♧,0x2667,14,0,6,8,0.0,0.42857142857142855,0.5714285714285714,0.5714285714285714,1
🏰,0x1f3f0,14,1,7,6,0.07142857142857142,0.5,0.42857142857142855,0.3571428571428571,0
🚵,0x1f6b5,14,0,8,6,0.0,0.5714285714285714,0.42857142857142855,0.42857142857142855,0
🎢,0x1f3a2,14,1,4,9,0.07142857142857142,0.2857142857142857,0.6428571428571429,0.5714285714285715,1
🎷,0x1f3b7,14,0,3,11,0.0,0.21428571428571427,0.7857142857142857,0.7857142857142857,1
🎐,0x1f390,14,0,11,3,0.0,0.7857142857142857,0.21428571428571427,0.21428571428571427,0
┈,0x2508,14,12,0,2,0.8571428571428571,0.0,0.14285714285714285,-0.7142857142857142,-1
╗,0x2557,14,0,8,6,0.0,0.5714285714285714,0.42857142857142855,0.42857142857142855,0
╱,0x2571,14,0,14,0,0.0,1.0,0.0,0.0,0
🌇,0x1f307,13,0,5,8,0.0,0.38461538461538464,0.6153846153846154,0.6153846153846154,1
⏰,0x23f0,13,2,2,9,0.15384615384615385,0.15384615384615385,0.6923076923076923,0.5384615384615384,1
⇩,0x21e9,13,0,13,0,0.0,1.0,0.0,0.0,0
🚂,0x1f682,13,0,9,4,0.0,0.6923076923076923,0.3076923076923077,0.3076923076923077,0
◠,0x25e0,13,0,6,7,0.0,0.46153846153846156,0.5384615384615384,0.5384615384615384,1
🎿,0x1f3bf,13,1,5,7,0.07692307692307693,0.38461538461538464,0.5384615384615384,0.4615384615384615,1
✦,0x2726,13,0,12,1,0.0,0.9230769230769231,0.07692307692307693,0.07692307692307693,0
🆔,0x1f194,13,0,1,12,0.0,0.07692307692307693,0.9230769230769231,0.9230769230769231,1
⛪,0x26ea,13,2,7,4,0.15384615384615385,0.5384615384615384,0.3076923076923077,0.15384615384615385,0
🌒,0x1f312,13,0,4,9,0.0,0.3076923076923077,0.6923076923076923,0.6923076923076923,1
🐪,0x1f42a,13,0,4,9,0.0,0.3076923076923077,0.6923076923076923,0.6923076923076923,1
╔,0x2554,13,0,9,4,0.0,0.6923076923076923,0.3076923076923077,0.3076923076923077,0
╝,0x255d,13,0,6,7,0.0,0.46153846153846156,0.5384615384615384,0.5384615384615384,1
👔,0x1f454,12,2,3,7,0.16666666666666666,0.25,0.5833333333333334,0.41666666666666674,1
🔱,0x1f531,12,3,5,4,0.25,0.4166666666666667,0.3333333333333333,0.08333333333333331,0
🆓,0x1f193,12,0,9,3,0.0,0.75,0.25,0.25,0
🐋,0x1f40b,12,2,5,5,0.16666666666666666,0.4166666666666667,0.4166666666666667,0.25,0
▽,0x25bd,12,1,4,7,0.08333333333333333,0.3333333333333333,0.5833333333333334,0.5,1
▂,0x2582,12,0,12,0,0.0,1.0,0.0,0.0,0
🐛,0x1f41b,12,2,4,6,0.16666666666666666,0.3333333333333333,0.5,0.33333333333333337,1
👕,0x1f455,12,1,4,7,0.08333333333333333,0.3333333333333333,0.5833333333333334,0.5,1
🚋,0x1f68b,12,0,11,1,0.0,0.9166666666666666,0.08333333333333333,0.08333333333333333,0
💳,0x1f4b3,12,1,4,7,0.08333333333333333,0.3333333333333333,0.5833333333333334,0.5,1
🌆,0x1f306,12,2,6,4,0.16666666666666666,0.5,0.3333333333333333,0.16666666666666666,0
🏧,0x1f3e7,12,0,0,12,0.0,0.0,1.0,1.0,1
💡,0x1f4a1,12,0,3,9,0.0,0.25,0.75,0.75,1
🔹,0x1f539,12,2,6,4,0.16666666666666666,0.5,0.3333333333333333,0.16666666666666666,0
⬅,0x2b05,12,0,5,7,0.0,0.4166666666666667,0.5833333333333334,0.5833333333333334,1
🍠,0x1f360,12,5,2,5,0.4166666666666667,0.16666666666666666,0.4166666666666667,0.0,-1
🐫,0x1f42b,12,0,7,5,0.0,0.5833333333333334,0.4166666666666667,0.4166666666666667,0
🏪,0x1f3ea,12,2,7,3,0.16666666666666666,0.5833333333333334,0.25,0.08333333333333334,0
۩,0x6e9,12,0,12,0,0.0,1.0,0.0,0.0,0
🇱,0x1f1f1,12,0,6,6,0.0,0.5,0.5,0.5,0
📹,0x1f4f9,11,1,3,7,0.09090909090909091,0.2727272727272727,0.6363636363636364,0.5454545454545454,1
👞,0x1f45e,11,1,3,7,0.09090909090909091,0.2727272727272727,0.6363636363636364,0.5454545454545454,1
🚑,0x1f691,11,3,4,4,0.2727272727272727,0.36363636363636365,0.36363636363636365,0.09090909090909094,0
🆘,0x1f198,11,4,2,5,0.36363636363636365,0.18181818181818182,0.45454545454545453,0.09090909090909088,1
👚,0x1f45a,11,0,3,8,0.0,0.2727272727272727,0.7272727272727273,0.7272727272727273,1
🚍,0x1f68d,11,4,2,5,0.36363636363636365,0.18181818181818182,0.45454545454545453,0.09090909090909088,1
□,0x25a1,11,7,0,4,0.6363636363636364,0.0,0.36363636363636365,-0.2727272727272727,-1
🐂,0x1f402,11,1,7,3,0.09090909090909091,0.6363636363636364,0.2727272727272727,0.1818181818181818,0
🚣,0x1f6a3,11,0,3,8,0.0,0.2727272727272727,0.7272727272727273,0.7272727272727273,1
✳,0x2733,11,0,11,0,0.0,1.0,0.0,0.0,0
🏉,0x1f3c9,11,0,4,7,0.0,0.36363636363636365,0.6363636363636364,0.6363636363636364,1
🗻,0x1f5fb,11,0,3,8,0.0,0.2727272727272727,0.7272727272727273,0.7272727272727273,1
🐀,0x1f400,11,1,7,3,0.09090909090909091,0.6363636363636364,0.2727272727272727,0.1818181818181818,0
╦,0x2566,11,0,6,5,0.0,0.5454545454545454,0.45454545454545453,0.45454545454545453,0
⛺,0x26fa,10,1,2,7,0.1,0.2,0.7,0.6,1
🐕,0x1f415,10,1,5,4,0.1,0.5,0.4,0.30000000000000004,0
🏂,0x1f3c2,10,1,3,6,0.1,0.3,0.6,0.5,1
👡,0x1f461,10,1,3,6,0.1,0.3,0.6,0.5,1
📻,0x1f4fb,10,1,4,5,0.1,0.4,0.5,0.4,1
✒,0x2712,10,1,5,4,0.1,0.5,0.4,0.30000000000000004,0
🌰,0x1f330,10,0,3,7,0.0,0.3,0.7,0.7,1
🏢,0x1f3e2,10,0,8,2,0.0,0.8,0.2,0.2,0
🎒,0x1f392,10,1,2,7,0.1,0.2,0.7,0.6,1
⌒,0x2312,10,0,3,7,0.0,0.3,0.7,0.7,1
🏫,0x1f3eb,10,6,1,3,0.6,0.1,0.3,-0.3,-1
📴,0x1f4f4,10,1,0,9,0.1,0.0,0.9,0.8,1
🚢,0x1f6a2,10,3,1,6,0.3,0.1,0.6,0.3,1
🚚,0x1f69a,10,2,7,1,0.2,0.7,0.1,-0.1,0
🐉,0x1f409,10,0,8,2,0.0,0.8,0.2,0.2,0
❒,0x2752,10,0,7,3,0.0,0.7,0.3,0.3,0
🐊,0x1f40a,10,2,5,3,0.2,0.5,0.3,0.09999999999999998,0
🔔,0x1f514,10,0,0,10,0.0,0.0,1.0,1.0,1
◢,0x25e2,10,0,2,8,0.0,0.2,0.8,0.8,1
🏥,0x1f3e5,9,1,4,4,0.1111111111111111,0.4444444444444444,0.4444444444444444,0.3333333333333333,0
❔,0x2754,9,3,3,3,0.3333333333333333,0.3333333333333333,0.3333333333333333,0.0,-1
🚖,0x1f696,9,3,4,2,0.3333333333333333,0.4444444444444444,0.2222222222222222,-0.1111111111111111,0
🃏,0x1f0cf,9,3,2,4,0.3333333333333333,0.2222222222222222,0.4444444444444444,0.1111111111111111,1
▼,0x25bc,9,2,4,3,0.2222222222222222,0.4444444444444444,0.3333333333333333,0.1111111111111111,0
▌,0x258c,9,4,4,1,0.4444444444444444,0.4444444444444444,0.1111111111111111,-0.3333333333333333,-1
☛,0x261b,9,0,5,4,0.0,0.5555555555555556,0.4444444444444444,0.4444444444444444,0
✩,0x2729,9,0,9,0,0.0,1.0,0.0,0.0,0
💒,0x1f492,9,0,3,6,0.0,0.3333333333333333,0.6666666666666666,0.6666666666666666,1
🚤,0x1f6a4,9,0,5,4,0.0,0.5555555555555556,0.4444444444444444,0.4444444444444444,0
🐐,0x1f410,9,0,4,5,0.0,0.4444444444444444,0.5555555555555556,0.5555555555555556,1
■,0x25a0,9,5,2,2,0.5555555555555556,0.2222222222222222,0.2222222222222222,-0.33333333333333337,-1
🔚,0x1f51a,9,1,3,5,0.1111111111111111,0.3333333333333333,0.5555555555555556,0.4444444444444445,1
🎻,0x1f3bb,9,0,5,4,0.0,0.5555555555555556,0.4444444444444444,0.4444444444444444,0
🔷,0x1f537,9,0,7,2,0.0,0.7777777777777778,0.2222222222222222,0.2222222222222222,0
🚦,0x1f6a6,9,2,4,3,0.2222222222222222,0.4444444444444444,0.3333333333333333,0.1111111111111111,0
🔓,0x1f513,9,3,2,4,0.3333333333333333,0.2222222222222222,0.4444444444444444,0.1111111111111111,1
🎽,0x1f3bd,9,0,4,5,0.0,0.4444444444444444,0.5555555555555556,0.5555555555555556,1
📅,0x1f4c5,9,2,3,4,0.2222222222222222,0.3333333333333333,0.4444444444444444,0.2222222222222222,1
🎺,0x1f3ba,9,1,0,8,0.1111111111111111,0.0,0.8888888888888888,0.7777777777777777,1
✯,0x272f,9,0,9,0,0.0,1.0,0.0,0.0,0
🍈,0x1f348,9,6,1,2,0.6666666666666666,0.1111111111111111,0.2222222222222222,-0.4444444444444444,-1
✉,0x2709,9,1,4,4,0.1111111111111111,0.4444444444444444,0.4444444444444444,0.3333333333333333,0
╣,0x2563,9,0,9,0,0.0,1.0,0.0,0.0,0
◤,0x25e4,9,0,0,9,0.0,0.0,1.0,1.0,1
○,0x25cb,8,0,3,5,0.0,0.375,0.625,0.625,1
🍼,0x1f37c,8,1,1,6,0.125,0.125,0.75,0.625,1
📀,0x1f4c0,8,1,5,2,0.125,0.625,0.25,0.125,0
🚛,0x1f69b,8,2,6,0,0.25,0.75,0.0,-0.25,0
📓,0x1f4d3,8,1,4,3,0.125,0.5,0.375,0.25,0
☉,0x2609,8,0,6,2,0.0,0.75,0.25,0.25,0
💴,0x1f4b4,8,3,4,1,0.375,0.5,0.125,-0.25,0
┼,0x253c,8,2,4,2,0.25,0.5,0.25,0.0,0
🐃,0x1f403,8,0,8,0,0.0,1.0,0.0,0.0,0
➰,0x27b0,8,4,1,3,0.5,0.125,0.375,-0.125,-1
🔌,0x1f50c,8,3,3,2,0.375,0.375,0.25,-0.125,-1
🍄,0x1f344,8,2,4,2,0.25,0.5,0.25,0.0,0
📕,0x1f4d5,8,1,4,3,0.125,0.5,0.375,0.25,0
📣,0x1f4e3,8,1,2,5,0.125,0.25,0.625,0.5,1
🚓,0x1f693,8,0,5,3,0.0,0.625,0.375,0.375,0
🐗,0x1f417,8,0,3,5,0.0,0.375,0.625,0.625,1
↪,0x21aa,8,0,7,1,0.0,0.875,0.125,0.125,0
⛳,0x26f3,8,0,1,7,0.0,0.125,0.875,0.875,1
┻,0x253b,8,6,0,2,0.75,0.0,0.25,-0.5,-1
┛,0x251b,8,0,2,6,0.0,0.25,0.75,0.75,1
┃,0x2503,8,0,4,4,0.0,0.5,0.5,0.5,0
👱,0x1f471,7,1,4,2,0.14285714285714285,0.5714285714285714,0.2857142857142857,0.14285714285714285,0
⏳,0x23f3,7,3,1,3,0.42857142857142855,0.14285714285714285,0.42857142857142855,0.0,-1
💺,0x1f4ba,7,1,3,3,0.14285714285714285,0.42857142857142855,0.42857142857142855,0.2857142857142857,0
🏇,0x1f3c7,7,3,2,2,0.42857142857142855,0.2857142857142857,0.2857142857142857,-0.14285714285714285,-1
☻,0x263b,7,1,3,3,0.14285714285714285,0.42857142857142855,0.42857142857142855,0.2857142857142857,0
📞,0x1f4de,7,0,3,4,0.0,0.42857142857142855,0.5714285714285714,0.5714285714285714,1
Ⓐ,0x24b6,7,2,4,1,0.2857142857142857,0.5714285714285714,0.14285714285714285,-0.14285714285714285,0
🌉,0x1f309,7,0,2,5,0.0,0.2857142857142857,0.7142857142857143,0.7142857142857143,1
🚩,0x1f6a9,7,3,3,1,0.42857142857142855,0.42857142857142855,0.14285714285714285,-0.2857142857142857,-1
✎,0x270e,7,0,2,5,0.0,0.2857142857142857,0.7142857142857143,0.7142857142857143,1
📃,0x1f4c3,7,0,3,4,0.0,0.42857142857142855,0.5714285714285714,0.5714285714285714,1
🏨,0x1f3e8,7,0,5,2,0.0,0.7142857142857143,0.2857142857142857,0.2857142857142857,0
📌,0x1f4cc,7,5,1,1,0.7142857142857143,0.14285714285714285,0.14285714285714285,-0.5714285714285714,-1
♎,0x264e,7,2,4,1,0.2857142857142857,0.5714285714285714,0.14285714285714285,-0.14285714285714285,0
💷,0x1f4b7,7,0,3,4,0.0,0.42857142857142855,0.5714285714285714,0.5714285714285714,1
🚄,0x1f684,7,0,2,5,0.0,0.2857142857142857,0.7142857142857143,0.7142857142857143,1
▲,0x25b2,7,0,2,5,0.0,0.2857142857142857,0.7142857142857143,0.7142857142857143,1
⛵,0x26f5,7,0,2,5,0.0,0.2857142857142857,0.7142857142857143,0.7142857142857143,1
🔸,0x1f538,7,0,5,2,0.0,0.7142857142857143,0.2857142857142857,0.2857142857142857,0
⌛,0x231b,7,2,2,3,0.2857142857142857,0.2857142857142857,0.42857142857142855,0.14285714285714285,1
🚜,0x1f69c,7,0,0,7,0.0,0.0,1.0,1.0,1
🐆,0x1f406,7,0,4,3,0.0,0.5714285714285714,0.42857142857142855,0.42857142857142855,0
👒,0x1f452,7,1,3,3,0.14285714285714285,0.42857142857142855,0.42857142857142855,0.2857142857142857,0
❕,0x2755,7,1,3,3,0.14285714285714285,0.42857142857142855,0.42857142857142855,0.2857142857142857,0
🔛,0x1f51b,7,1,1,5,0.14285714285714285,0.14285714285714285,0.7142857142857143,0.5714285714285714,1
♢,0x2662,7,0,4,3,0.0,0.5714285714285714,0.42857142857142855,0.42857142857142855,0
🇲,0x1f1f2,7,0,3,4,0.0,0.42857142857142855,0.5714285714285714,0.5714285714285714,1
❅,0x2745,7,0,1,6,0.0,0.14285714285714285,0.8571428571428571,0.8571428571428571,1
👝,0x1f45d,6,1,1,4,0.16666666666666666,0.16666666666666666,0.6666666666666666,0.5,1
✞,0x271e,6,0,3,3,0.0,0.5,0.5,0.5,0
◡,0x25e1,6,0,4,2,0.0,0.6666666666666666,0.3333333333333333,0.3333333333333333,0
🎋,0x1f38b,6,1,0,5,0.16666666666666666,0.0,0.8333333333333334,0.6666666666666667,1
👥,0x1f465,6,1,2,3,0.16666666666666666,0.3333333333333333,0.5,0.33333333333333337,1
📵,0x1f4f5,6,1,3,2,0.16666666666666666,0.5,0.3333333333333333,0.16666666666666666,0
🐡,0x1f421,6,0,4,2,0.0,0.6666666666666666,0.3333333333333333,0.3333333333333333,0
◆,0x25c6,6,0,1,5,0.0,0.16666666666666666,0.8333333333333334,0.8333333333333334,1
🏯,0x1f3ef,6,0,5,1,0.0,0.8333333333333334,0.16666666666666666,0.16666666666666666,0
☂,0x2602,6,1,4,1,0.16666666666666666,0.6666666666666666,0.16666666666666666,0.0,0
🔭,0x1f52d,6,0,3,3,0.0,0.5,0.5,0.5,0
🎪,0x1f3aa,6,0,4,2,0.0,0.6666666666666666,0.3333333333333333,0.3333333333333333,0
🐜,0x1f41c,6,0,2,4,0.0,0.3333333333333333,0.6666666666666666,0.6666666666666666,1
♌,0x264c,6,0,1,5,0.0,0.16666666666666666,0.8333333333333334,0.8333333333333334,1
☐,0x2610,6,6,0,0,1.0,0.0,0.0,-1.0,-1
👷,0x1f477,6,1,2,3,0.16666666666666666,0.3333333333333333,0.5,0.33333333333333337,1
↳,0x21b3,6,0,6,0,0.0,1.0,0.0,0.0,0
🔈,0x1f508,6,0,4,2,0.0,0.6666666666666666,0.3333333333333333,0.3333333333333333,0
📄,0x1f4c4,6,0,0,6,0.0,0.0,1.0,1.0,1
📍,0x1f4cd,6,1,3,2,0.16666666666666666,0.5,0.3333333333333333,0.16666666666666666,0
🚐,0x1f690,6,0,1,5,0.0,0.16666666666666666,0.8333333333333334,0.8333333333333334,1
🚔,0x1f694,6,1,4,1,0.16666666666666666,0.6666666666666666,0.16666666666666666,0.0,0
🌋,0x1f30b,6,0,2,4,0.0,0.3333333333333333,0.6666666666666666,0.6666666666666666,1
📡,0x1f4e1,6,1,2,3,0.16666666666666666,0.3333333333333333,0.5,0.33333333333333337,1
⏩,0x23e9,6,0,5,1,0.0,0.8333333333333334,0.16666666666666666,0.16666666666666666,0
🚳,0x1f6b3,6,0,0,6,0.0,0.0,1.0,1.0,1
✘,0x2718,6,0,1,5,0.0,0.16666666666666666,0.8333333333333334,0.8333333333333334,1
۞,0x6de,6,0,6,0,0.0,1.0,0.0,0.0,0
☾,0x263e,6,0,6,0,0.0,1.0,0.0,0.0,0
🅰,0x1f170,6,1,2,3,0.16666666666666666,0.3333333333333333,0.5,0.33333333333333337,1
📥,0x1f4e5,6,0,6,0,0.0,1.0,0.0,0.0,0
🇼,0x1f1fc,6,0,3,3,0.0,0.5,0.5,0.5,0
┓,0x2513,6,0,2,4,0.0,0.3333333333333333,0.6666666666666666,0.6666666666666666,1
┣,0x2523,6,0,2,4,0.0,0.3333333333333333,0.6666666666666666,0.6666666666666666,1
Ⓛ,0x24c1,6,0,3,3,0.0,0.5,0.5,0.5,0
Ⓔ,0x24ba,6,0,3,3,0.0,0.5,0.5,0.5,0
🔦,0x1f526,5,0,5,0,0.0,1.0,0.0,0.0,0
👤,0x1f464,5,0,1,4,0.0,0.2,0.8,0.8,1
🚁,0x1f681,5,0,4,1,0.0,0.8,0.2,0.2,0
🎠,0x1f3a0,5,0,2,3,0.0,0.4,0.6,0.6,1
🐁,0x1f401,5,2,3,0,0.4,0.6,0.0,-0.4,0
📗,0x1f4d7,5,1,2,2,0.2,0.4,0.4,0.2,0
┐,0x2510,5,2,2,1,0.4,0.4,0.2,-0.2,-1
☮,0x262e,5,2,1,2,0.4,0.2,0.4,0.0,-1
♂,0x2642,5,0,4,1,0.0,0.8,0.2,0.2,0
◞,0x25de,5,1,3,1,0.2,0.6,0.2,0.0,0
📯,0x1f4ef,5,1,4,0,0.2,0.8,0.0,-0.2,0
🔩,0x1f529,5,1,2,2,0.2,0.4,0.4,0.2,0
👢,0x1f462,5,0,1,4,0.0,0.2,0.8,0.8,1
◂,0x25c2,5,0,3,2,0.0,0.6,0.4,0.4,0
📰,0x1f4f0,5,1,1,3,0.2,0.2,0.6,0.39999999999999997,1
📶,0x1f4f6,5,0,3,2,0.0,0.6,0.4,0.4,0
🚥,0x1f6a5,5,1,3,1,0.2,0.6,0.2,0.0,0
🌄,0x1f304,5,0,4,1,0.0,0.8,0.2,0.2,0
🗾,0x1f5fe,5,0,3,2,0.0,0.6,0.4,0.4,0
🔶,0x1f536,5,0,3,2,0.0,0.6,0.4,0.4,0
🏤,0x1f3e4,5,0,3,2,0.0,0.6,0.4,0.4,0
🎩,0x1f3a9,5,0,3,2,0.0,0.6,0.4,0.4,0
Ⓜ,0x24c2,5,1,1,3,0.2,0.2,0.6,0.39999999999999997,1
🔧,0x1f527,5,4,0,1,0.8,0.0,0.2,-0.6000000000000001,-1
🐅,0x1f405,5,0,4,1,0.0,0.8,0.2,0.2,0
♮,0x266e,5,0,4,1,0.0,0.8,0.2,0.2,0
🅾,0x1f17e,5,2,2,1,0.4,0.4,0.2,-0.2,-1
🔄,0x1f504,5,0,5,0,0.0,1.0,0.0,0.0,0
☄,0x2604,5,0,5,0,0.0,1.0,0.0,0.0,0
☨,0x2628,5,0,5,0,0.0,1.0,0.0,0.0,0
📦,0x1f4e6,4,0,3,1,0.0,0.75,0.25,0.25,0
🚊,0x1f68a,4,1,1,2,0.25,0.25,0.5,0.25,1
🔲,0x1f532,4,0,1,3,0.0,0.25,0.75,0.75,1
🔁,0x1f501,4,1,2,1,0.25,0.5,0.25,0.0,0
△,0x25b3,4,0,3,1,0.0,0.75,0.25,0.25,0
📆,0x1f4c6,4,0,0,4,0.0,0.0,1.0,1.0,1
❛,0x275b,4,0,2,2,0.0,0.5,0.5,0.5,0
📉,0x1f4c9,4,0,2,2,0.0,0.5,0.5,0.5,0
▵,0x25b5,4,0,2,2,0.0,0.5,0.5,0.5,0
🔎,0x1f50e,4,0,1,3,0.0,0.25,0.75,0.75,1
☜,0x261c,4,0,3,1,0.0,0.75,0.25,0.25,0
🇯,0x1f1ef,4,0,2,2,0.0,0.5,0.5,0.5,0
🇵,0x1f1f5,4,0,2,2,0.0,0.5,0.5,0.5,0
📘,0x1f4d8,4,1,1,2,0.25,0.25,0.5,0.25,1
✡,0x2721,4,0,4,0,0.0,1.0,0.0,0.0,0
ⓔ,0x24d4,4,0,1,3,0.0,0.25,0.75,0.75,1
🔑,0x1f511,4,1,1,2,0.25,0.25,0.5,0.25,1
🔃,0x1f503,4,1,2,1,0.25,0.5,0.25,0.0,0
👃,0x1f443,4,2,0,2,0.5,0.0,0.5,0.0,-1
⭕,0x2b55,4,0,2,2,0.0,0.5,0.5,0.5,0
🔘,0x1f518,4,0,3,1,0.0,0.75,0.25,0.25,0
ⓒ,0x24d2,4,2,0,2,0.5,0.0,0.5,0.0,-1
🚭,0x1f6ad,4,0,0,4,0.0,0.0,1.0,1.0,1
🚉,0x1f689,4,0,1,3,0.0,0.25,0.75,0.75,1
🚪,0x1f6aa,4,0,1,3,0.0,0.25,0.75,0.75,1
➳,0x27b3,4,0,2,2,0.0,0.5,0.5,0.5,0
🚃,0x1f683,4,0,1,3,0.0,0.25,0.75,0.75,1
┯,0x252f,4,2,2,0,0.5,0.5,0.0,-0.5,-1
🏬,0x1f3ec,4,0,4,0,0.0,1.0,0.0,0.0,0
☽,0x263d,4,0,4,0,0.0,1.0,0.0,0.0,0
🆙,0x1f199,4,0,2,2,0.0,0.5,0.5,0.5,0
🆖,0x1f196,4,1,1,2,0.25,0.25,0.5,0.25,1
☪,0x262a,4,0,4,0,0.0,1.0,0.0,0.0,0
┗,0x2517,4,0,0,4,0.0,0.0,1.0,1.0,1
🚮,0x1f6ae,4,2,0,2,0.5,0.0,0.5,0.0,-1
┫,0x252b,4,0,4,0,0.0,1.0,0.0,0.0,0
Ⓞ,0x24c4,4,0,2,2,0.0,0.5,0.5,0.5,0
❇,0x2747,3,0,1,2,0.0,0.3333333333333333,0.6666666666666666,0.6666666666666666,1
✴,0x2734,3,0,1,2,0.0,0.3333333333333333,0.6666666666666666,0.6666666666666666,1
┌,0x250c,3,1,1,1,0.3333333333333333,0.3333333333333333,0.3333333333333333,0.0,-1
☊,0x260a,3,0,0,3,0.0,0.0,1.0,1.0,1
🔕,0x1f515,3,2,0,1,0.6666666666666666,0.0,0.3333333333333333,-0.3333333333333333,-1
⬛,0x2b1b,3,2,0,1,0.6666666666666666,0.0,0.3333333333333333,-0.3333333333333333,-1
❝,0x275d,3,0,3,0,0.0,1.0,0.0,0.0,0
❞,0x275e,3,0,3,0,0.0,1.0,0.0,0.0,0
🚞,0x1f69e,3,0,1,2,0.0,0.3333333333333333,0.6666666666666666,0.6666666666666666,1
🍶,0x1f376,3,0,1,2,0.0,0.3333333333333333,0.6666666666666666,0.6666666666666666,1
🌐,0x1f310,3,0,1,2,0.0,0.3333333333333333,0.6666666666666666,0.6666666666666666,1
♀,0x2640,3,0,2,1,0.0,0.6666666666666666,0.3333333333333333,0.3333333333333333,0
🚅,0x1f685,3,0,1,2,0.0,0.3333333333333333,0.6666666666666666,0.6666666666666666,1
🚒,0x1f692,3,1,2,0,0.3333333333333333,0.6666666666666666,0.0,-0.3333333333333333,0
➣,0x27a3,3,0,3,0,0.0,1.0,0.0,0.0,0
♋,0x264b,3,0,2,1,0.0,0.6666666666666666,0.3333333333333333,0.3333333333333333,0
♍,0x264d,3,0,1,2,0.0,0.3333333333333333,0.6666666666666666,0.6666666666666666,1
🕝,0x1f55d,3,1,2,0,0.3333333333333333,0.6666666666666666,0.0,-0.3333333333333333,0
ⓐ,0x24d0,3,0,0,3,0.0,0.0,1.0,1.0,1
✗,0x2717,3,1,1,1,0.3333333333333333,0.3333333333333333,0.3333333333333333,0.0,-1
📙,0x1f4d9,3,1,0,2,0.3333333333333333,0.0,0.6666666666666666,0.3333333333333333,1
Ⓢ,0x24c8,3,0,2,1,0.0,0.6666666666666666,0.3333333333333333,0.3333333333333333,0
📋,0x1f4cb,3,0,1,2,0.0,0.3333333333333333,0.6666666666666666,0.6666666666666666,1
⇢,0x21e2,3,1,1,1,0.3333333333333333,0.3333333333333333,0.3333333333333333,0.0,-1
🎱,0x1f3b1,3,1,0,2,0.3333333333333333,0.0,0.6666666666666666,0.3333333333333333,1
🐞,0x1f41e,3,0,2,1,0.0,0.6666666666666666,0.3333333333333333,0.3333333333333333,0
🔺,0x1f53a,3,0,2,1,0.0,0.6666666666666666,0.3333333333333333,0.3333333333333333,0
ⓡ,0x24e1,3,0,0,3,0.0,0.0,1.0,1.0,1
🎍,0x1f38d,3,0,3,0,0.0,1.0,0.0,0.0,0
♤,0x2664,3,0,1,2,0.0,0.3333333333333333,0.6666666666666666,0.6666666666666666,1
🎲,0x1f3b2,3,0,3,0,0.0,1.0,0.0,0.0,0
🎯,0x1f3af,3,0,1,2,0.0,0.3333333333333333,0.6666666666666666,0.6666666666666666,1
〠,0x3020,3,0,3,0,0.0,1.0,0.0,0.0,0
🔉,0x1f509,3,0,1,2,0.0,0.3333333333333333,0.6666666666666666,0.6666666666666666,1
↩,0x21a9,3,0,0,3,0.0,0.0,1.0,1.0,1
🚾,0x1f6be,3,0,2,1,0.0,0.6666666666666666,0.3333333333333333,0.3333333333333333,0
🎣,0x1f3a3,3,2,1,0,0.6666666666666666,0.3333333333333333,0.0,-0.6666666666666666,-1
🔣,0x1f523,3,0,2,1,0.0,0.6666666666666666,0.3333333333333333,0.3333333333333333,0
❎,0x274e,3,3,0,0,1.0,0.0,0.0,-1.0,-1
➥,0x27a5,3,0,2,1,0.0,0.6666666666666666,0.3333333333333333,0.3333333333333333,0
🅱,0x1f171,3,0,3,0,0.0,1.0,0.0,0.0,0
🎌,0x1f38c,3,0,0,3,0.0,0.0,1.0,1.0,1
◣,0x25e3,3,0,2,1,0.0,0.6666666666666666,0.3333333333333333,0.3333333333333333,0
⏬,0x23ec,3,0,0,3,0.0,0.0,1.0,1.0,1
♭,0x266d,3,0,2,1,0.0,0.6666666666666666,0.3333333333333333,0.3333333333333333,0
💠,0x1f4a0,3,0,3,0,0.0,1.0,0.0,0.0,0
ⓞ,0x24de,2,0,0,2,0.0,0.0,1.0,1.0,1
🔳,0x1f533,2,0,1,1,0.0,0.5,0.5,0.5,0
🏭,0x1f3ed,2,0,1,1,0.0,0.5,0.5,0.5,0
🔰,0x1f530,2,0,2,0,0.0,1.0,0.0,0.0,0
🎳,0x1f3b3,2,1,1,0,0.5,0.5,0.0,-0.5,-1
☚,0x261a,2,0,0,2,0.0,0.0,1.0,1.0,1
➽,0x27bd,2,0,1,1,0.0,0.5,0.5,0.5,0
➫,0x27ab,2,0,1,1,0.0,0.5,0.5,0.5,0
➖,0x2796,2,2,0,0,1.0,0.0,0.0,-1.0,-1
🏮,0x1f3ee,2,0,2,0,0.0,1.0,0.0,0.0,0
📛,0x1f4db,2,0,2,0,0.0,1.0,0.0,0.0,0
꒰,0xa4b0,2,0,1,1,0.0,0.5,0.5,0.5,0
꒱,0xa4b1,2,0,1,1,0.0,0.5,0.5,0.5,0
◝,0x25dd,2,1,1,0,0.5,0.5,0.0,-0.5,-1
📑,0x1f4d1,2,0,0,2,0.0,0.0,1.0,1.0,1
🎦,0x1f3a6,2,0,2,0,0.0,1.0,0.0,0.0,0
ⓧ,0x24e7,2,0,0,2,0.0,0.0,1.0,1.0,1
🇨,0x1f1e8,2,0,2,0,0.0,1.0,0.0,0.0,0
🇳,0x1f1f3,2,0,2,0,0.0,1.0,0.0,0.0,0
🔟,0x1f51f,2,0,0,2,0.0,0.0,1.0,1.0,1
〓,0x3013,2,0,0,2,0.0,0.0,1.0,1.0,1
ⓜ,0x24dc,2,0,1,1,0.0,0.5,0.5,0.5,0
➠,0x27a0,2,0,0,2,0.0,0.0,1.0,1.0,1
🚆,0x1f686,2,0,1,1,0.0,0.5,0.5,0.5,0
🚠,0x1f6a0,2,0,2,0,0.0,1.0,0.0,0.0,0
℅,0x2105,2,2,0,0,1.0,0.0,0.0,-1.0,-1
☃,0x2603,2,0,1,1,0.0,0.5,0.5,0.5,0
🚽,0x1f6bd,2,0,0,2,0.0,0.0,1.0,1.0,1
📐,0x1f4d0,2,0,2,0,0.0,1.0,0.0,0.0,0
ⓝ,0x24dd,2,0,0,2,0.0,0.0,1.0,1.0,1
✮,0x272e,2,0,2,0,0.0,1.0,0.0,0.0,0
⇦,0x21e6,2,0,0,2,0.0,0.0,1.0,1.0,1
👲,0x1f472,2,0,1,1,0.0,0.5,0.5,0.5,0
🚡,0x1f6a1,2,1,1,0,0.5,0.5,0.0,-0.5,-1
🎑,0x1f391,2,0,2,0,0.0,1.0,0.0,0.0,0
🔬,0x1f52c,2,0,0,2,0.0,0.0,1.0,1.0,1
➗,0x2797,2,1,1,0,0.5,0.5,0.0,-0.5,-1
📈,0x1f4c8,2,0,1,1,0.0,0.5,0.5,0.5,0
⌘,0x2318,2,0,2,0,0.0,1.0,0.0,0.0,0
⏪,0x23ea,2,0,1,1,0.0,0.5,0.5,0.5,0
╹,0x2579,2,0,2,0,0.0,1.0,0.0,0.0,0
◎,0x25ce,2,0,0,2,0.0,0.0,1.0,1.0,1
🔼,0x1f53c,2,0,2,0,0.0,1.0,0.0,0.0,0
꒦,0xa4a6,2,2,0,0,1.0,0.0,0.0,-1.0,-1
📎,0x1f4ce,2,0,0,2,0.0,0.0,1.0,1.0,1
⑅,0x2445,2,0,0,2,0.0,0.0,1.0,1.0,1
⍝,0x235d,2,0,2,0,0.0,1.0,0.0,0.0,0
📁,0x1f4c1,2,0,2,0,0.0,1.0,0.0,0.0,0
✭,0x272d,2,0,0,2,0.0,0.0,1.0,1.0,1
➲,0x27b2,2,0,2,0,0.0,1.0,0.0,0.0,0
♓,0x2653,2,0,1,1,0.0,0.5,0.5,0.5,0
┏,0x250f,2,0,0,2,0.0,0.0,1.0,1.0,1
☇,0x2607,2,0,0,2,0.0,0.0,1.0,1.0,1
♺,0x267a,2,0,2,0,0.0,1.0,0.0,0.0,0
♞,0x265e,2,0,2,0,0.0,1.0,0.0,0.0,0
࿎,0xfce,2,2,0,0,1.0,0.0,0.0,-1.0,-1
📠,0x1f4e0,2,0,2,0,0.0,1.0,0.0,0.0,0
👘,0x1f458,2,0,0,2,0.0,0.0,1.0,1.0,1
↙,0x2199,2,0,0,2,0.0,0.0,1.0,1.0,1
Ⓕ,0x24bb,2,0,1,1,0.0,0.5,0.5,0.5,0
Ⓦ,0x24cc,2,0,1,1,0.0,0.5,0.5,0.5,0
Ⓟ,0x24c5,2,0,1,1,0.0,0.5,0.5,0.5,0
🕑,0x1f551,2,0,1,1,0.0,0.5,0.5,0.5,0
💽,0x1f4bd,1,0,1,0,0.0,1.0,0.0,0.0,0
🕛,0x1f55b,1,0,0,1,0.0,0.0,1.0,1.0,1
🎫,0x1f3ab,1,0,1,0,0.0,1.0,0.0,0.0,0
♈,0x2648,1,1,0,0,1.0,0.0,0.0,-1.0,-1
📟,0x1f4df,1,0,1,0,0.0,1.0,0.0,0.0,0
℃,0x2103,1,0,1,0,0.0,1.0,0.0,0.0,0
↬,0x21ac,1,0,0,1,0.0,0.0,1.0,1.0,1
🕒,0x1f552,1,0,1,0,0.0,1.0,0.0,0.0,0
🇰,0x1f1f0,1,0,1,0,0.0,1.0,0.0,0.0,0
↱,0x21b1,1,0,1,0,0.0,1.0,0.0,0.0,0
✍,0x270d,1,0,0,1,0.0,0.0,1.0,1.0,1
⇐,0x21d0,1,0,1,0,0.0,1.0,0.0,0.0,0
🏦,0x1f3e6,1,0,0,1,0.0,0.0,1.0,1.0,1
🔻,0x1f53b,1,0,0,1,0.0,0.0,1.0,1.0,1
ⓟ,0x24df,1,0,0,1,0.0,0.0,1.0,1.0,1
ⓕ,0x24d5,1,0,0,1,0.0,0.0,1.0,1.0,1
ⓘ,0x24d8,1,0,0,1,0.0,0.0,1.0,1.0,1
♿,0x267f,1,0,0,1,0.0,0.0,1.0,1.0,1
⇗,0x21d7,1,0,0,1,0.0,0.0,1.0,1.0,1
⇘,0x21d8,1,0,0,1,0.0,0.0,1.0,1.0,1
ⓨ,0x24e8,1,0,0,1,0.0,0.0,1.0,1.0,1
ⓙ,0x24d9,1,0,0,1,0.0,0.0,1.0,1.0,1
▫,0x25ab,1,0,0,1,0.0,0.0,1.0,1.0,1
🔇,0x1f507,1,0,0,1,0.0,0.0,1.0,1.0,1
⌃,0x2303,1,1,0,0,1.0,0.0,0.0,-1.0,-1
🔖,0x1f516,1,0,0,1,0.0,0.0,1.0,1.0,1
📜,0x1f4dc,1,0,0,1,0.0,0.0,1.0,1.0,1
♏,0x264f,1,0,1,0,0.0,1.0,0.0,0.0,0
🚝,0x1f69d,1,0,0,1,0.0,0.0,1.0,1.0,1
☢,0x2622,1,0,1,0,0.0,1.0,0.0,0.0,0
🎏,0x1f38f,1,0,1,0,0.0,1.0,0.0,0.0,0
┘,0x2518,1,1,0,0,1.0,0.0,0.0,-1.0,-1
✝,0x271d,1,1,0,0,1.0,0.0,0.0,-1.0,-1
❖,0x2756,1,0,1,0,0.0,1.0,0.0,0.0,0
⍣,0x2363,1,1,0,0,1.0,0.0,0.0,-1.0,-1
📮,0x1f4ee,1,1,0,0,1.0,0.0,0.0,-1.0,-1
🕕,0x1f555,1,1,0,0,1.0,0.0,0.0,-1.0,-1
🇭,0x1f1ed,1,0,1,0,0.0,1.0,0.0,0.0,0
◜,0x25dc,1,0,1,0,0.0,1.0,0.0,0.0,0
🔯,0x1f52f,1,0,0,1,0.0,0.0,1.0,1.0,1
➸,0x27b8,1,0,0,1,0.0,0.0,1.0,1.0,1
꒵,0xa4b5,1,0,0,1,0.0,0.0,1.0,1.0,1
🕥,0x1f565,1,1,0,0,1.0,0.0,0.0,-1.0,-1
♙,0x2659,1,0,1,0,0.0,1.0,0.0,0.0,0
▿,0x25bf,1,0,1,0,0.0,1.0,0.0,0.0,0
⚃,0x2683,1,0,1,0,0.0,1.0,0.0,0.0,0
✽,0x273d,1,0,0,1,0.0,0.0,1.0,1.0,1
📼,0x1f4fc,1,0,0,1,0.0,0.0,1.0,1.0,1
🕐,0x1f550,1,1,0,0,1.0,0.0,0.0,-1.0,-1
🀄,0x1f004,1,0,0,1,0.0,0.0,1.0,1.0,1
✾,0x273e,1,0,1,0,0.0,1.0,0.0,0.0,0
✬,0x272c,1,0,0,1,0.0,0.0,1.0,1.0,1
🆑,0x1f191,1,0,1,0,0.0,1.0,0.0,0.0,0
✫,0x272b,1,0,0,1,0.0,0.0,1.0,1.0,1
🕔,0x1f554,1,1,0,0,1.0,0.0,0.0,-1.0,-1
❣,0x2763,1,0,0,1,0.0,0.0,1.0,1.0,1
➱,0x27b1,1,0,1,0,0.0,1.0,0.0,0.0,0
🆕,0x1f195,1,0,1,0,0.0,1.0,0.0,0.0,0
➢,0x27a2,1,0,1,0,0.0,1.0,0.0,0.0,0
↕,0x2195,1,0,1,0,0.0,1.0,0.0,0.0,0
📫,0x1f4eb,1,0,0,1,0.0,0.0,1.0,1.0,1
🉐,0x1f250,1,0,0,1,0.0,0.0,1.0,1.0,1
♊,0x264a,1,0,1,0,0.0,1.0,0.0,0.0,0
🈂,0x1f202,1,1,0,0,1.0,0.0,0.0,-1.0,-1
🎰,0x1f3b0,1,1,0,0,1.0,0.0,0.0,-1.0,-1
҂,0x482,1,1,0,0,1.0,0.0,0.0,-1.0,-1
╤,0x2564,1,1,0,0,1.0,0.0,0.0,-1.0,-1
➛,0x279b,1,0,1,0,0.0,1.0,0.0,0.0,0
♝,0x265d,1,0,1,0,0.0,1.0,0.0,0.0,0
❋,0x274b,1,0,1,0,0.0,1.0,0.0,0.0,0
✆,0x2706,1,0,1,0,0.0,1.0,0.0,0.0,0
📔,0x1f4d4,1,0,0,1,0.0,0.0,1.0,1.0,1
